text,label
寒战、乏力、高烧、头痛、恶心、便秘、腹痛、腹泻、伤寒、腹痛,0
寒战、呕吐、乏力、高烧、头痛、恶心、便秘、腹痛、伤寒、腹痛,0
寒战、呕吐、乏力、高烧、头痛、恶心、便秘、腹痛、腹泻、腹痛,0
寒战、呕吐、乏力、高烧、头痛、恶心、便秘、腹痛、腹泻、伤寒、腹痛,0
我肚子疼得厉害，感觉真不舒服。我也在发烧。我担心我可能得了伤寒。,0
寒战、呕吐、乏力、高烧、头痛、恶心、便秘、腹泻、伤寒、腹痛,0
寒战、呕吐、乏力、高烧、头痛、恶心、腹痛、腹泻、伤寒、腹痛,0
寒战、呕吐、乏力、高烧、头痛、恶心、便秘、腹痛、腹泻、中毒（伤寒）,0
寒战、呕吐、乏力、高烧、恶心、便秘、腹痛、腹泻、伤寒、腹痛,0
在过去的几天里，我一直胃痛和便秘。我也没有食欲，感觉很虚弱。,0
寒战、呕吐、乏力、高烧、头痛、便秘、腹痛、腹泻、伤寒、腹痛,0
我已经便秘和腹痛几天了。腹痛越来越严重，开始影响我的日常生活。我每天晚上也会发冷，然后轻微发烧。,0
我已经有几天便秘和腹痛了。疼痛越来越严重，这真的影响了我的日常生活。我也感到很累很虚弱。,0
我已经拉肚子好几天了。我有稀便和水样大便，而且我必须经常去洗手间。我也感到恶心，食欲不振。我也有点发烧。,0
在过去的几天里，我有严重的胃痛和便秘。我每天晚上还会头疼和发冷。,0
我已经拉肚子好几天了。真的很不舒服，来来去去。我也有胃痛和呕吐。,0
在过去的一周里，我一直胃痛。即使药物治疗也没有好转。我想吐，什么都吃不下。我已经变得很虚弱了。,0
我已经呕吐和拉肚子好几天了。我也一直在发烧、便秘和头痛。我很难保持水分。,0
这几天我一直在发高烧。晚上尤其糟糕。我也有轻微的头痛，一直便秘和腹泻。,0
我一直上不了厕所，肚子一直疼。我昨晚也发烧了。,0
我肚子疼，还发烧。我也发冷和头痛。,0
这几天我一直拉肚子。真的很糟糕，还伴有腹部绞痛和腹胀。,0
我已经腹痛几天了。这真的很痛，我还一直便秘和呕吐。我担心我的健康。,0
我已经发烧几天了，而且开始恶化了。我也有严重的胃痛和便秘。,0
这几天我一直感觉很累很虚弱。我还发烧胃疼。我不知道我怎么了。,0
我一直有很多胃痛和腹胀，我一直便秘。我还发高烧发冷。,0
因为发高烧、头痛和发冷，我一直睡不着觉。我每天醒来都感到腹部剧痛。我也一直感到很虚弱和疲惫。,0
我已经呕吐和腹泻几天了，我很难保持水分。我还有点发烧和胃痛。,0
我一直感觉很不舒服。我发烧，发冷，胃疼得厉害。我现在有这种感觉已经有几天了，好像摆脱不了。,0
我一直胃痛得厉害，还呕吐和便秘。我担心我的健康。,0
我一直感觉很累很虚弱，好像摆脱不了。我也因为呕吐和恶心而失去了食欲。我的胃也疼。,0
我已经呕吐和拉肚子好几天了。我也很难喝下液体。我发烧，头痛，胃疼。我不能做任何身体上的事情，因为我太虚弱了。,0
我肚子疼得厉害。我也一直呕吐不止，感觉很恶心。,0
我感觉很虚弱。我一直有很多胃痛和便秘，我一直在呕吐。因为疼，我什么都吃不下。,0
我拉肚子，肚子疼得厉害。我什么都不想吃，头疼。,0
我发高烧，头疼。我肚子也很疼。因为这个我不能去上班。,0
我已经拉肚子好几天了。它很稀，闻起来很臭。我还头疼得厉害，想吐。,0
我一天有很多次稀便和水样便。我食欲不振，老是生病。我也开始轻微发烧。我的腹部很疼。我不知道这一切背后的原因是什么。,0
我发高烧，尤其是在晚上。真的很糟糕。我还头痛、便秘和腹泻。我什么都不想吃。,0
我的胃一直很痛，我一直感觉很胀，很便秘。我也一直在发烧和发冷。,0
在过去的一周里，我一直在呕吐和腹泻。我也瘦了很多，还发高烧。我头疼，胃疼。,0
我最近感觉很不舒服。我已经失去了食欲，并注意到体重明显下降。我腹痛，尤其是在我的肠胃部位。我担心我的健康。,0
我一直感到很累很虚弱。我没有胃口。我每天晚上都发烧发冷。从昨天开始我也一直在呕吐。,0
我肚子疼得很厉害，还拉肚子。我还发烧头痛。过去的几天真的很不愉快。,0
过去一周我一直头疼。越来越糟了。我也有过腹痛、便秘和腹泻。,0
我最近喝了更多的水，小便也更频繁了。我的嘴和喉咙总是很干。我也比平时更饿。,1
我浑身发抖。我已经失去了味觉和嗅觉，我筋疲力尽了。我偶尔会心悸或心跳加速。,1
疲劳、体重减轻、坐立不安、嗜睡、血糖水平不规则、视力模糊扭曲、肥胖、食欲增加、多尿,1
疲劳、体重减轻、坐立不安、嗜睡、血糖水平不规则、视力模糊和扭曲、肥胖、过度饥饿、食欲增加、多尿,1
疲劳、体重减轻、坐立不安、嗜睡、血糖水平不规则、肥胖、过度饥饿、食欲增加、多尿,1
疲劳、体重减轻、坐立不安、血糖水平不规则、视力模糊和扭曲、肥胖、过度饥饿、食欲增加、多尿,1
我感到虚弱和疲惫。我不能像以前那样品尝或闻东西了。有时候我的心跳很快，或者我觉得我要昏过去了。,1
我有慢性干咳。我有心悸，我的感染似乎没有好转。我也有时好时坏的喉咙痛。,1
疲劳、坐立不安、嗜睡、血糖水平不规则、视力模糊扭曲、肥胖、过度饥饿、食欲增加、多尿,1
疲劳、体重减轻、坐立不安、嗜睡、视力模糊和扭曲、肥胖、过度饥饿、食欲增加、多尿,1
体重减轻、坐立不安、嗜睡、血糖水平不规则、视力模糊和扭曲、肥胖、过度饥饿、食欲增加、多尿,1
疲劳、体重减轻、坐立不安、嗜睡、血糖水平不规则、视力模糊和扭曲、过度饥饿、食欲增加、多尿,1
疲劳、体重减轻、嗜睡、血糖水平不规则、视力模糊和扭曲、肥胖、过度饥饿、食欲增加、多尿,1
我呼吸困难，尤其是在外面的时候。我开始感到热和出汗。我也经常尿路感染和酵母菌感染。,1
我喝了更多的水，上了更频繁的厕所。我的嘴和喉咙总是很干。我最近真的很饿，吃得更多了。,1
我的伤口一直很难愈合。我的手和脚一直感到刺痛和麻木。我也一直感觉很虚弱。,1
我很难集中注意力，我的情绪到处都是。我觉得我在一片迷雾中，很难做简单的任务。,1
我喝了更多的水，上了更频繁的厕所。我的嘴和喉咙总是很干。我最近真的很饿。,1
糖尿病症状取决于你的血糖有多高。有些人，尤其是患有糖尿病前期、妊娠期糖尿病或二型糖尿病的人，可能没有症状。在1型糖尿病中，症状往往出现得很快，而且更严重。糖尿病前期妊娠糖尿病二型糖尿病1型糖尿病1型糖尿病和二型糖尿病的一些症状是：感觉比平时更渴。经常小便。不努力减肥。尿液中存在酮。酮是当没有足够的可用胰岛素时，肌肉和脂肪分解的副产品。感到疲倦和虚弱。感觉烦躁或有其他情绪变化。视力模糊的。有愈合缓慢的疮。受到很多感染，比如牙龈、皮肤和阴道感染。1型糖尿病可以在任何年龄开始。但它通常始于童年或青少年时期。二型糖尿病，更常见的类型，可以在任何年龄发展。二型糖尿病在40岁以上的人群中更常见。但是儿童中的二型糖尿病正在增加。,1
我有皮疹和皮肤过敏，尤其是在我的皮肤褶皱处。我的伤口和瘀伤也不会很快愈合。,1
我喝了更多的水，上了更频繁的厕所。我的嘴和喉咙总是很干。我也比平时更饿。,1
我最近感觉很累，减肥也有困难。我也一直觉得很渴，而且我上厕所的次数比平时多了很多。,1
我最近一直觉得很渴，而且更经常饿。我也一直觉得很累。,1
我最近感到又渴又饿。我有时也会很累。,1
我情绪波动，难以集中注意力。我的头脑有时会感到模糊不清，甚至连常规的家务都很难做。我也很渴，而且经常尿尿。,1
我最近感觉很累。我也一直在减肥，而且总是很渴。,1
我会出疹子和皮肤过敏，尤其是在我皮肤的缝隙里。我的伤口和瘀伤也需要一段时间才能痊愈。,1
我呼吸有问题，尤其是在外面的时候。我突然满脸通红，出汗了。我经常得酵母菌感染和尿路感染。,1
我干咳不退。我还会受到似乎无法治愈的感染，我还会心悸。我的喉咙有时会痛，但会好起来的。,1
我最近感到又渴又饿。我也一直觉得很累。,1
我经常觉得需要小便，并有强烈的冲动。我也感到头晕目眩，失明了。,1
我运动时呼吸困难。我出汗很多，容易发热。我经常感染酵母菌。,1
我最近感到又渴又饿。有时候我也觉得很累。,1
我干咳不退。我也有这个问题，我的感染没有愈合，我有心悸。,1
我的伤口和割伤愈合缓慢。我的手有刺痛感，手脚都麻木了。我也很渴，而且总是很累。,1
我很难集中注意力，我的情绪到处都是。我的头脑有时会感到模糊不清，甚至很难完成简单的任务。,1
我一直看不清事物，而且似乎越来越糟。我也总是很累，筋疲力尽，有时会头晕目眩。,1
我呼吸困难，尤其是锻炼的时候。我经常出汗和脸红，而且我经常受到酵母菌感染。,1
我有一种颤抖和肌肉抽搐的感觉。我的嗅觉或味觉下降了，我感到疲劳。有时我有一种心跳加速或心跳加速的感觉。我也有口渴的感觉，而且尿频。,1
我视力模糊，而且越来越严重。我总是很累，有时还会头晕目眩。,1
我有很多皮疹和皮肤过敏，尤其是在我皮肤的缝隙里。我的皮肤擦伤和割伤也需要很长时间才能痊愈。,1
我一直看不清事物，而且似乎越来越糟。我也总是很累，筋疲力尽，我经常头晕目眩。,1
我一直看不清事物，而且似乎越来越糟。我也真的一直很累，有时候会觉得头晕目眩。,1
我的背部和胸部有皮疹，全身发痒。我的皮肤有时可能会干燥和剥落，这经常在我的身体上留下痕迹。,2
我注意到我的月经周期发生了变化，并出现了意外的阴道分泌物。我时不时会变得易怒，情绪波动很大。,2
皮疹，胃痛，烧灼感排尿，点状排尿,2
瘙痒、皮疹、胃痛、烧灼感、排尿、点状小便,2
瘙痒、皮疹、胃痛、小便点状,2
瘙痒、皮疹、胃痛、烧灼感、排尿,2
瘙痒、皮疹、烧灼感、排尿、点状排尿,2
我脱发了，头发的质地有了明显的变化。我有干燥发痒的头皮屑和增加的头皮屑。我的皮肤也变得很干燥。我想可能是因为我正在服用的药物,2
我体重增加了很多，现在非常肥胖。我有不同的欲望和不同的胃口。我一直在服用一种治疗抑郁症的新药。,2
瘙痒、胃痛、烧灼感、排尿点状,2
我在掉头发，而且越来越少了。我的头皮又干又痒，还有头皮屑。我的皮肤也很干。,2
我一直在经历月经周期的变化和意外的阴道分泌物。我也一直感到焦虑和喜怒无常。,2
我嘴里有金属味，味觉和嗅觉也变了。我有时也会肌肉和关节痛。,2
我发烧了，感觉头昏眼花。我的心怦怦直跳，我的头真的很模糊。我不能正常思考，一切看起来都很模糊。,2
我在掉头发，头发的质地变化很大。我的头皮屑越来越严重，头皮又干又痒。我的皮肤也变得非常干燥。,2
我的胸部和背部有皮疹，而且很痒。我也是干性皮肤，有时会剥落并在身上留下痕迹。,2
我感觉很不舒服。我发烧了，头晕恶心。我的头怦怦直跳，心跳加速。我不能清醒地思考，一切似乎都很模糊。,2
我的背部和胸部有皮疹，皮肤发痒。有时我的皮肤干燥易剥落，经常导致身体色斑。,2
我对性不再感兴趣了，我很难被唤起。我也有脑雾，感觉很迷茫。,2
我一直恶心得厉害，胸口也疼。我真的很紧张，经常发抖。,2
我的思维非常清晰，很难保持专注。我经常忘记事情，并且在记忆事情上有问题。我也很难集中注意力，很难集中注意力。,2
我体重增加了很多，目前相当胖。我有很多倾向和渴望。我一直在服用一种治疗糖尿病的新药。,2
我嘴里有金属味，味觉和嗅觉也不一样了。我也有严重的关节和肌肉疼痛。,2
我一直头痛和偏头痛。我一直难以入睡。我一直肌肉抽搐和颤抖。有时候我会头晕。我想这可能是对我的药物治疗的反应。,2
我的背部和胸部有皮疹，皮肤发痒。有时我的皮肤会剥落，我会有身体上的痕迹。,2
我发烧了，头晕目眩。我的心跳很快，感觉很迷茫。我不能很清楚地思考，一切都感觉模糊不清。,2
我一直情绪波动，我的月经周期也变了。我也有一些意想不到的阴道分泌物。,2
我胸部和背部有皮疹，全身发痒。我有时会有片状皮肤，经常在身上留下痕迹。,2
我有皮疹，有时会剥落我的皮肤。这让我更容易感染。我的手颤抖，有时还会颤抖。,2
我服用这种药物有一段时间了，体重增加了很多。我也一直渴望不同的食物，吃得比以前多。,2
我一直头疼和偏头痛，睡不着。我全身颤抖抽搐。有时我感到头昏眼花。,2
我嘴里有金属味，味觉和嗅觉都变了。我也有关节和肌肉疼痛。,2
我有皮疹，有时会导致皮肤剥落。我更容易因此生病。我的手有时会发抖，我觉得发抖。,2
我一直头疼和偏头痛，睡不着。我浑身发抖。有时我感到头昏眼花。,2
我最近感觉很不舒服。我一直胸痛，觉得很恶心。我也出很多汗。,2
我发烧的时候真的很难受。我感到恶心和头晕，心跳加速。我不能清醒地思考，一切都感觉模糊不清。,2
我一直有偏头痛和头痛，我睡不着。我的肌肉在抽搐和颤抖，我感到头晕。,2
我很难集中注意力和记忆东西。我感觉我有脑雾。,2
我最近一直感到非常头晕和迷失方向，我还注意到我的性欲下降了。我也很难想清楚。,2
我有皮疹，有时会导致皮肤脱皮。因此，我更容易生病。我有时也会发抖，手也会发抖。,2
我的皮肤上有皮疹，会剥落，使我容易感染。我的手指抽搐，有时还会发抖。,2
我一直有偏头痛和头痛。我睡不着。我全身都在颤抖。我有时会头晕。,2
我有很多恶心和胸痛。我的胸部已经疼了一段时间了。我颤抖了很多，我真的很焦虑。,2
我很难集中注意力，头脑也不清晰。我记东西有困难，而且我经常忘记东西。,2
我胸口很疼，胃也很不舒服。我的胸部最近一直很疼，我真的很颤抖和焦虑。,2
我发烧的时候感觉要晕过去了。我头晕目眩，心跳加速。我不能清醒地思考，一切都很模糊。,2
瘙痒、皮疹、结疹、变色斑片,3
我全身都起疹子，真痒。我也有一些坚硬的肿块和一些与我皮肤其他部分颜色不同的斑块。,3
瘙痒、皮疹、结疹,3
瘙痒、皮肤结疹、变色斑片,3
我一直很痒，还伴有皮疹，随着时间的推移，皮疹似乎越来越严重。也有某些皮肤区域的颜色与其他区域不同，我发现了几个类似小结节的肿块。,3
皮疹、结疹、变色斑片,3
我的皮肤上有皮疹，看起来像变色斑块，我也有很多结节性皮疹和非常严重的瘙痒。上周情况变得更糟了。,3
我的皮肤一直很痒，有时会变成皮疹。也有一些奇怪的皮肤斑块，与我的其他部分颜色不同，有时我会出现看起来像结节的小丘疹。,3
我有又痒又红的皮疹。它也很凹凸不平，有一些斑块的颜色与我皮肤的其他部分不同。我也有过一些类似小球的粉刺。,3
我的皮肤上有非常痒的皮疹，还有一些颜色不同的奇怪斑点。我的皮肤上也有一些看起来像小结的肿块。我想可能是真菌感染。,3
我全身都起疹子，又红又痒。我也有一些看起来像粉刺的小肿块和一些奇怪的斑块，它们的颜色与我皮肤的其他部分不同。,3
我全身都起疹子了，真的很痒。我有一些很硬的肿块，还有一些地方比我皮肤的其他部分颜色更深。真的很不愉快。,3
我的皮肤上一直有很多瘙痒和皮疹。也有一些奇怪的皮肤斑块，与我的其他部分颜色不同，有时我会有看起来像结节的小肿块。,3
我有一个皮疹，看起来红色和发炎，变色的皮肤区域与我皮肤的其他部分颜色不同，我的皮肤发痒。,3
我一直很痒，而且还伴有皮疹，随着时间的推移，这种情况似乎会越来越严重。也有一些皮肤斑块与皮肤的其他部分颜色不同，以及一些类似小结节的肿块。,3
我全身都起疹子了，真的很痒。我也有一些肤色不一样的斑点，还有一些肿块和结状的痘痘。,3
瘙痒、皮疹、变色斑片,3
我的皮肤上有皮疹，很痒，颜色与我皮肤的其他部分不同。我的皮肤上也有一些坚硬的粉刺或粉刺。,3
我一直感到皮肤发痒，这经常导致皮疹。我也有一些奇怪的皮肤斑块，它们的颜色与我皮肤的其他部分不同，我经常会有看起来像结节的小肿块。,3
我最近一直觉得很痒，而且我的皮肤上到处都是这些皮疹。还有一些地方比我皮肤的其他部分更黑，我有一些疼痛的肿块。,3
我最近真的很痒，皮肤上到处都是皮疹。也有一些区域看起来与我皮肤的其他部分颜色不同，我有一些有点硬的肿块。我不确定这是什么，但我想检查一下。,3
我最近经常挠自己，皮肤上布满了皮疹。有几个地方，我的皮肤看起来不像平时的颜色，我经历了几个非常痛苦的肿块。,3
我皮肤上有皮疹，很不舒服。还有一些不同颜色的奇怪斑块和一些类似小结的丘疹。,3
我最近很痒，全身都是皮疹。也有一些区域看起来不是我皮肤的正常颜色，我经历了一些坚硬的肿块。,3
我的胳膊和腿上有很多红色的痘痘和发痒的皮肤。我的皮肤上也有一些奇怪的损伤。而且偶尔会有有些不舒服的颠簸。,3
我最近一直很痒，皮肤上布满了皮疹。也有一些地方我的皮肤看起来不像正常的颜色，我有一些疼痛的肿块。,3
我全身都是红斑，而且很痒。有些斑点和我的皮肤颜色不一样。我的皮肤上也有一些肿块或丘疹。,3
我有皮疹，发痒，有时又红又粗糙。我也有看起来像小球的小粉刺和一些与我皮肤其他部分颜色不同的斑点。真的很刺激，很痒。,3
我全身一直很痒，我注意到我的皮肤上有一些红色的鳞状斑块。我也有一些看起来像小结节的肿块。,3
我的皮肤真的很痒，有时还会出疹子。我也有一些奇怪的皮肤区域，它们的颜色与我身体的其他部分不同，有时我会有看起来像结节的小肿块。,3
我的皮肤上有皮疹，很痒，而且随着时间的推移越来越严重。也有一些皮肤斑块的颜色与其他斑块不同，我注意到一些看起来像小节点的肿块。,3
我全身都起疹子了。很痒，而且斑块比我皮肤的其他部分都黑。我也有一些硬块。,3
我皮肤上有皮疹，又痒又不舒服。也有一些奇怪的皮肤斑块是不同的颜色。我的皮肤上也有一些类似小结的粉刺。,3
我的皮肤最近不舒服，真的很痒，还起了疹子。我皮肤的一些斑块与我皮肤的其他部分颜色不同，我的皮肤上有一些以前没有的肿块或肿块。,3
我全身都很痒，我的皮肤也有一些红色的凹凸不平的地方。我也有一些类似小球的粉刺和其他与我皮肤其他部分颜色不同的斑点。,3
我全身都起疹子了。又痒又红。有些斑块的颜色与我皮肤的其他部分不同。我也有一些看起来像小球的痘痘。,3
我全身都起疹子，很痒。它是红色的，凹凸不平的，有一些暗点和一些微小的结节状突起。已经发生好几天了，而且越来越严重。,3
我的皮肤上有这些又红又凹凸不平的斑点，很痒。它们也和我其他皮肤的颜色不同。我有一些肿块，有点像小肿块。,3
我最近真的很痒，皮肤上到处都是皮疹。也有一些地方看起来不像我正常的肤色，我有一些有点硬的肿块。我不确定是什么，但我很担心。,3
我的皮肤上到处都是发痒、皮疹的斑点。它们的颜色也不同于我皮肤的其他部分，我有一些有点硬的肿块。,3
我一直有这些红色的皮疹，不断冒出来，我的皮肤不断发痒。我还注意到我的皮肤上有一些奇怪的颜色不同的斑点，以及一些似乎正在扩大的小结节。,3
我的胳膊和腿上有皮疹，又痒又红。我的皮肤上也有一些奇怪的斑点。有时候颠簸感觉有点硬。,3
我皮肤上有很多痒点。它们有时是红色或凹凸不平的，有时它们与我皮肤的其他部分颜色不同。我也有这些奇怪的肿块，看起来像小球。,3
我的皮肤上有红色凹凸不平的地方，很痒。我也有一些类似小肿块的肿块和一些与我身体其他部位肤色不同的斑点。,3
瘙痒、皮疹、嗜睡、高烧、头痛、食欲不振、轻度发热、淋巴结肿大、不适、全身红斑,4
我胳膊和脖子上有皮疹，痒得要命。我一整天都感觉很不舒服。,4
我全身都是一堆红色的小疙瘩。它们又痒又不舒服。我还发烧头痛。,4
我全身都是红斑。他们发痒，我发烧，头痛，感到筋疲力尽。,4
瘙痒、皮疹、疲劳、嗜睡、高烧、头痛、食欲不振、轻度发热、淋巴结肿大、不适、全身红斑,4
我有皮疹，很痒，晚上很难入睡。我也失去了食欲，感到昏昏欲睡。,4
瘙痒、皮疹、乏力、嗜睡、高烧、头痛、轻度发热、淋巴结肿大、不适、全身红斑,4
我一直觉得全身很痒，而且我有一个又红又刺激的皮疹。,4
瘙痒、皮疹、乏力、嗜睡、高烧、食欲不振、轻度发热、淋巴结肿大、不适、全身红斑,4
瘙痒、皮疹、疲劳、高烧、头痛、食欲不振、轻度发热、淋巴结肿大、不适、全身红斑,4
瘙痒、皮疹、疲劳、嗜睡、头痛、食欲不振、轻度发热、淋巴结肿大、不适、全身红斑,4
我一直感到全身发痒，而且我有红肿的皮疹。,4
我没胃口，想吐。我也很累。我皮肤上有皮疹，这真的让我很担心。,4
我发烧，头痛，吃不下东西。我想吐。我胳膊上也有一些红斑。,4
我有皮疹，有小肿块，又痒又痛。我也发烧了，感觉很累。,4
我一直感觉很不舒服，全身都起疹子了。我担心会是什么。,4
瘙痒、乏力、嗜睡、高烧、头痛、食欲不振、轻度发热、淋巴结肿大、不适、全身红斑,4
皮疹、乏力、嗜睡、高烧、头痛、食欲不振、轻度发热、淋巴结肿大、不适、全身红斑,4
我发烧，头痛，而且一直很累。我什么都不想吃。,4
我已经发烧几天了，开始让我担心了。我也头疼，感觉虚弱无精打采。,4
瘙痒、皮疹、疲劳、嗜睡、高烧、头痛、食欲不振、淋巴结肿大、不适、全身红斑,4
我的皮肤上有皮疹，又红又痒又痛。它传遍了我的全身。,4
我真的很累很虚弱。我几乎睁不开眼睛。我发烧了，不想吃东西。我想我已经没胃口了。,4
我的胳膊和脖子上有皮疹，抓的时候会痒。我也发烧了。我不知道是什么引起的。痒真的困扰着我。,4
我皮肤上有皮疹，发痒，还发烧了。我不知道是什么引起的。,4
瘙痒、皮疹、疲劳、嗜睡、高烧、头痛、食欲不振、轻度发热、不适、全身红斑,4
我一直感到很累很虚弱。我早上几乎不能起床，白天也很难保持清醒。,4
我全身都起疹子了。真的很痒，我觉得真的很不舒服。,4
我全身都是小红点。我很担心他们。我也很累，每天晚上都有轻微的发烧。,4
我手臂和脸上的小淋巴结开始肿胀。因为持续的瘙痒和疼痛，我一整天都很痛苦。,4
我的淋巴结很疼。我全身都是皮疹，因此我晚上睡不着觉。,4
我全身都是又红又痒的肿块。它们对我的胳膊和腿特别不好。我还头疼发烧。我什么都不想吃，已经没胃口了。,4
我胳膊和腿上有红斑，真的很痒。我晚上因为痒睡不着。我还头疼发烧。,4
我感觉很不舒服。我没胃口，想吐。我还注意到我的皮肤上有一些红斑。我担心我的健康。,4
我全身都是红斑。他们发痒，并开始肿胀。我认为它们正在蔓延。,4
我最近感觉很不舒服。我一直很恶心，我感到很不安。我还注意到我的胳膊和腿上有些皮疹。我已经没有胃口了，每天都感到筋疲力尽。,4
我全身都起疹子了。又红又痒。我也一直感到疼痛和疲劳。,4
我最近感觉很不舒服。我发烧了，全身都是发痒的红斑。我不确定我怎么了，但我很担心。,4
我发烧，头痛，淋巴结肿大。我感到虚弱和疲劳。因为发烧，我很难集中注意力。,4
我发烧，头痛，全身都是红斑。斑点又痒又肿。,4
我全身有很多红色的小肿块。它们又痒又不舒服。我担心他们会是什么。,4
我的皮肤上有皮疹，引起了很大的不适。它又红又发炎，而且扩散到我全身。皮疹还伴有强烈的瘙痒，尤其是在我的胳膊和腿上。,4
我全身都起疹子，又痒又痛。我也发烧了，感觉很累。,4
我发烧了，全身都是红斑。我感觉真的很累，什么都不想吃。我很担心自己出了什么问题。,4
我全身都起疹子了，我觉得很痒。我也感觉很累，没有胃口。,4
我最近感觉很不舒服。我发烧，淋巴结肿大，还头疼。我不想吃任何东西，我真的很虚弱，很累。我很难专注于我的日常生活。,4
我觉得真的不舒服。我没有精力，也没胃口了。我的皮肤上也有小红点。,4
我的脸上和脖子上有很多小红斑。它们很痒，让我一天都很不舒服。,4
我的皮肤上有很多红斑，而且扩散得很快。我每天晚上也有轻微的发烧和头痛。,4
我皮肤上有皮疹，扩散很快。它很痒，我晚上几乎睡不着。,4
我全身都是红肿的皮疹。又痒又不舒服。我也发烧了。,4
关节痛，颈痛，膝痛，髋关节痛，关节肿胀，行走疼痛,5
关节痛，颈痛，膝痛，髋关节痛，关节肿胀,5
颈痛，膝痛，髋关节痛，关节肿胀，行走疼痛,5
关节疼痛，颈痛，髋关节疼痛，关节肿胀，行走疼痛,5
关节痛，颈痛，膝痛，髋关节痛，行走痛,5
关节疼痛，颈痛，膝痛，关节肿胀，行走疼痛,5
关节疼痛，膝关节疼痛，髋关节疼痛，关节肿胀，行走疼痛,5
皮疹、寒战、关节痛、呕吐、高烧、头痛、恶心、食欲不振、眼后疼痛、背痛、不适、肌肉疼痛、全身红斑,6
我一直感觉很累很虚弱，而且我似乎睡眠不足。我脖子上也有皮疹，痒得很厉害。,6
皮疹、寒战、关节痛、呕吐、疲劳、高烧、头痛、恶心、食欲不振、眼后疼痛、背痛、不适、肌肉疼痛、全身红斑,6
我全身出现皮疹，发痒，而且我没有食欲。我一整天都觉得很累，感觉身体好像有问题。,6
皮疹、寒战、呕吐、疲劳、高烧、头痛、恶心、食欲不振、眼后疼痛、背痛、不适、肌肉疼痛、全身红斑,6
皮疹、寒战、关节痛、呕吐、疲劳、高烧、头痛、恶心、食欲不振、眼后疼痛、背痛、不适、肌肉疼痛,6
我一直觉得胃不舒服，一直在呕吐。我的头很疼，胳膊上有一些红斑。,6
皮疹、寒战、关节痛、呕吐、疲劳、头痛、恶心、食欲不振、眼后疼痛、背痛、不适、肌肉疼痛、全身红斑,6
我一直在发抖，发抖，我觉得冷。我的发烧真的很高。我胳膊上有皮疹，脖子上有红斑。,6
我发烧发冷，全身疼痛。我也食欲不振，背部和颈部有些红斑。,6
在过去的几天里，我一直感到严重的关节痛和头痛。我也有轻微的发烧和发冷。,6
寒战、关节痛、呕吐、疲劳、高烧、头痛、恶心、食欲不振、眼后疼痛、背痛、不适、肌肉疼痛、全身红斑,6
皮疹、寒战、关节痛、呕吐、疲劳、高烧、头痛、恶心、食欲不振、眼后痛、背痛、肌肉痛、全身红斑,6
皮疹、寒战、关节痛、呕吐、疲劳、高烧、头痛、恶心、食欲不振、眼后疼痛、背痛、不适、全身红斑,6
皮疹、寒战、关节痛、疲劳、高烧、头痛、恶心、食欲不振、眼后疼痛、背痛、不适、肌肉疼痛、全身红斑,6
我经常呕吐，结果食欲不振。我的关节和背一直疼。,6
我一直感到发冷发抖，还发高烧。我胳膊上也有皮疹，脖子上也有红斑。,6
我全身都起疹子，真痒。我还发烧、身体疼痛、头痛和发冷。,6
我眼睛后面一直头疼得厉害。我也没有胃口，晚上感觉真的很冷。,6
我全身都起疹子了。又红又肿，有些地方更严重，比如我的胳膊和腿。我也不想吃东西。,6
我感到极度的身体疼痛、头痛和呕吐。我全身都长了红斑，而且很痒。,6
我一直觉得很冷，发抖。我的背和眼睛很疼。我还注意到我的背部和颈部有一些红斑。,6
我全身都起疹子了，真的很痒。我还在呕吐，关节疼。,6
在过去的三天里，我一直在发高烧。我眼睛后面也头疼。我感到很累，筋疲力尽。我不能做任何工作。,6
皮疹、关节痛、呕吐、疲劳、高烧、头痛、恶心、食欲不振、眼后疼痛、背痛、不适、肌肉疼痛、全身红斑,6
我头疼得厉害，感觉脑袋有压力。我还有点发烧，背上有小红斑。,6
我背痛已经有几天了。当我长时间坐着或站着时会更糟。我全身也有皮疹，眼睛后面也疼。,6
我有红肿的皮疹。我也有严重的发烧和身体疼痛。,6
我已经呕吐了几天，感觉很不舒服。我胃痛，头晕，而且我没胃口了。我的胳膊、背和脖子也很疼。,6
我一直感到恶心，并有持续的呕吐冲动，并伴有轻度发烧和头痛。我也觉得很虚弱很累。,6
我身上有红斑，又痒又发炎。我还发高烧发冷。,6
尽管外面很暖和，我还是觉得很冷。我背疼，胳膊上有红斑。,6
我皮肤上有皮疹，一摸就痒。我的关节整天疼痛，我感觉不舒服。晚上，我有轻微的发烧和发冷，这使我难以入睡。,6
我一直感到恶心，而且我没有胃口。我也感到不安，背部和肌肉疼痛。,6
我一直感到肌肉疼痛，这使我很难走动。我失去了我的apetite，并感到呕吐。我的腿和背很疼。我一直感到非常虚弱和疲惫。,6
我每天晚上都发高烧发冷。我不想吃任何东西，我的背、胳膊、腿都很疼。我的眼睛后面有一种奇怪的疼痛。我不能做任何体育活动。,6
在过去的几天里，我一直肌肉剧烈疼痛。感觉像是持续的疼痛。我全身都是红斑，痒得很厉害。,6
我一直感到肌肉疼痛和头痛。肌肉疼痛就像是持续的疼痛，当我试图使用受影响的肌肉时，疼痛会更严重。我的脸上、脖子上和手臂上也出现了小红斑。,6
我发高烧，头疼。我的身体疼，我觉得冷。我担心我的健康。,6
我发高烧，头疼得厉害。我的身体疼痛，每天晚上都感到发冷。我眼睛后面也疼。,6
我一直关节痛，走路真的很困难。我也失去了食欲，我感到非常虚弱和恶心。,6
我一直感觉很不舒服。我的身体很疼，没有胃口。我的手臂和脸上也出现了皮疹。我的眼睛后面很疼。,6
在过去的几天里，我一直头疼得厉害。它伴随着我眼睛后面的疼痛。我感到疲倦和疲劳，因此我不能整天工作。我担心我的健康。,6
我一直感到严重的关节痛，无法动弹。我也没有食欲，感觉很虚弱。,6
我发烧了，背疼。我的胳膊和腋窝也有皮疹。我的眼球后部很疼。我担心我的健康。,6
我一直感觉不舒服，感觉要吐了。眼睛后面一阵剧痛，后背都是红斑。,6
几天来我一直感到剧烈的关节痛。我也一直在呕吐和发烧。我一直在服药退烧，但似乎没有效果。,6
这几天我一直觉得很不舒服。我有严重的关节痛，我一直想呕吐，我还有轻微的头痛。,6
这几天我一直在呕吐，而且胃痉挛。我感到头晕和虚弱。我眼睛后面也疼。,6
肌肉萎缩、喉部斑块、高烧、婚外情,7
肌肉萎缩，喉部有斑块，高烧,7
肌肉萎缩，喉咙贴片，婚外情,7
喉咙贴片，高烧，婚外情,7
肌肉萎缩，高烧，婚外情,7
持续打喷嚏、颤抖、发冷、流泪,8
不停地打喷嚏，发抖，流泪,8
我一直吞咽困难，喉咙痛。我一直在流鼻涕，还经常打喷嚏。,8
我最近吃东西很困难。我喉咙痛，流鼻涕。,8
持续打喷嚏、发冷、流泪,8
我呼吸困难，感觉很容易上气不接下气。我的脸和胸部肿了，眼睛疼，还干咳。,8
我的皮肤又红又痒。它有时会剥落。我的脸颊和嘴唇都肿了，真的很烦。因为浮肿，我有时会头痛和流眼泪。,8
我总是很累，我的嘴很难吃，我的喉咙很痒。我的肌肉又热又疼，有时全身抽筋。,8
我呼吸困难，呼吸急促。我无法控制地咳嗽，眼睛又痒又肿。我的脸和身体其他部位也会肿胀。,8
我的皮肤又痒又肿。有时候，它会剥落。我的嘴唇和脸颊又肿又痛。浮肿有时让我头疼和流眼泪。,8
我一直很难进食和吞咽。我流鼻涕，喉咙疼。,8
我有哮喘，我有喘息和呼吸问题。我也头痛和发烧。我总是很累。,8
我一直感觉很累，喉咙也有刺痛的感觉。我也有干燥、易剥落的皮肤。有时我的眼睛会浮肿，我的脸也会肿起来。,8
我这几天一直不舒服。我喉咙痛，流鼻涕。我也一直吞咽困难。,8
持续打喷嚏、颤抖、发冷,8
我有鼻塞和鼻塞。我有时在晚上也会僵硬和胸痛。我尝不到也闻不到任何东西。,8
我感到恶心，反胃，摇摇晃晃。我的喉咙肿了，呼吸困难。晚上胸口有时疼，有时觉得不舒服。,8
颤抖，发冷，流泪,8
我头晕，恶心，发抖。我的喉咙肿了，所以我呼吸困难。有时候，整个晚上，我胸口疼，感觉不舒服。,8
我经常流鼻涕和打喷嚏。我的眼睛又痒又流泪，还经常咳嗽。我的头一直疼。,8
我经常流鼻涕和打喷嚏。我的眼睛又痛又流泪，声音沙哑。我的头一直疼。,8
我有鼻塞和鼻塞。我晚上也有僵硬和胸痛。我尝不到也闻不到任何东西。,8
我喉咙一直沙哑，感觉筋疲力尽。我的皮肤也感觉干燥，有时我的眼睛会发炎。,8
我总是筋疲力尽，感觉喉咙发痒。我的皮肤干燥，眼睛有时会肿起来。,8
我有类似哮喘的症状，如喘息和呼吸困难。我经常发烧和头痛。我一直感觉很累。我流鼻涕，眼睛发痒。,8
我鼻塞鼻塞。我有时会在晚上脖子僵硬，胸部不适。我尝不到也闻不到任何东西。,8
我的皮肤又痒又肿，有时还会剥落。我的脸颊和嘴唇肿了，很疼。我还会因为吸烟而头痛和流泪。,8
我有哮喘，会导致喘息和呼吸问题。我也经常头痛和发烧。我总是很累。,8
我喉咙痛，老是打喷嚏。有时我的脸会肿起来，尤其是我的嘴唇和眼睛周围的区域。我一开始就不停地打喷嚏。,8
我有哮喘，我有喘息和呼吸问题。我还发烧，头痛，而且一直觉得累。,8
我觉得胃不舒服，头晕目眩。我喉咙肿了，呼吸不好。我有时会在晚上感到胸口疼痛和恶心。,8
我总是很累，我的嘴很难吃，我的喉咙很痒。我的肌肉又热又痛，有时全身会抽筋。,8
我经常打喷嚏，喉咙痛。我的嘴唇和眼睛周围有时会肿胀。我一开始就不停地打喷嚏。,8
我经常流鼻涕和打喷嚏。我的眼睛又痛又流泪，还头疼。,8
我鼻塞喉咙痛。我还咳嗽，胸口疼。我已经失去了嗅觉和味觉。,8
我鼻塞鼻塞。我有时在晚上胸部不适。我闻不到也尝不到任何东西。,8
我觉得我总是很累，喉咙发痒。我的皮肤也很干燥，有时我的眼睛周围会肿胀。,8
我喉咙发痒，总是很累。我的皮肤干燥，有时眼睛周围会肿胀。,8
我喉咙痛，还经常打喷嚏。有时候我的眼睛和嘴唇会肿起来。我一开始就不停地打喷嚏。,8
我感到恶心，发抖，恶心。我喉咙痛，呼吸困难。我晚上偶尔会胸痛，有时会感到恶心。,8
我的皮肤发痒，发红，有时会剥落。我的脸和嘴唇都肿起来了，真的很烦。当气喘变得严重时，我还会流泪和头痛。,8
我喉咙痛得很厉害，一直觉得很累。我还会发烧，经常肌肉疼痛。有时我全身抽筋,8
我喉咙痛，还经常打喷嚏。有时候我眼睛和嘴唇周围的皮肤会肿胀。我发现一旦开始，我就停不下来。,8
我总是很累，我的味觉变差了，我的喉咙真的很痒。我也有肌肉疼痛和发热。我全身有时抽筋。,8
我呼吸困难，很容易上气不接下气。我眼睛疼，还干咳。我的脸和身体都肿了。,8
我呼吸困难，呼吸急促。我干咳，眼睛发痒，满脸和全身都肿胀。我还流鼻涕和打喷嚏。,8
我的皮肤又痒又红。有时候，它会剥落。我的嘴唇和脸颊都肿了，真的很烦。因为肿胀，我有时会头痛和流泪。,8
我流鼻涕、打喷嚏、流泪和咳嗽。我的头也疼。,8
关节痛、呕吐、乏力、皮肤发黄、尿黑、恶心、食欲不振、腹痛、眼睛发黄,9
关节痛、呕吐、乏力、皮肤发黄、尿黑、恶心、腹痛、眼睛发黄,9
关节痛、呕吐、疲劳、皮肤发黄、恶心、食欲不振、腹痛、眼睛发黄,9
关节痛、呕吐、乏力、皮肤发黄、尿黑、恶心、食欲不振、腹痛,9
关节痛、呕吐、乏力、皮肤发黄、尿黑、食欲不振、腹痛、眼睛发黄,9
关节痛、呕吐、疲劳、皮肤发黄、尿黑、恶心、食欲不振、眼睛发黄,9
关节痛、呕吐、皮肤发黄、尿黑、恶心、食欲不振、腹痛、眼睛发黄,9
呕吐、乏力、皮肤发黄、尿黑、恶心、食欲不振、腹痛、眼睛发黄,9
关节痛、乏力、皮肤发黄、尿黑、恶心、食欲不振、腹痛、眼睛发黄,9
关节痛、呕吐、乏力、尿黑、恶心、食欲不振、腹痛、眼睛发黄,9
胃痛、胃酸过多、舌溃疡、呕吐、咳嗽,10
我有很多胃灼热和消化不良。当我吃辛辣或高脂肪的食物时，情况会更糟。当我前倾或躺下时也会痛。,10
胃痛、胃酸过多、舌溃疡、咳嗽、胸痛,10
胃痛、胃酸过多、呕吐、咳嗽、胸痛,10
胃痛、胃酸过多、舌溃疡、呕吐、咳嗽、胸痛,10
胃痛、舌溃疡、呕吐、咳嗽、胸痛,10
胃酸过多、舌溃疡、呕吐、咳嗽、胸痛,10
胃痛、胃酸过多、舌溃疡、呕吐、胸痛,10
我吞咽食物有困难，因为我的喉咙感觉像在关闭，我嘴里有一种不好的味道。,10
我很难吃东西，因为我觉得我要吐了。我也有很多胃灼热和喉咙刺痛的感觉。,10
我吃完东西喉咙里有火辣辣的感觉。我有时嘴里也会有苦味或酸味，这让我感到恶心。,10
我吞咽困难，即使吃了一小顿饭也有饱腹感。我经常胃灼热、恶心和喉咙刺痛。,10
我嘴里有酸味，有时吞咽困难。,10
我经常打嗝和打嗝。我感到胸部不适，这种不适会蔓延到脖子、下巴和手臂。我胸口有压力和紧张。,10
我有很多胃酸倒流和胃痛。我吃完东西也会吐很多。,10
我胃灼热，消化不良。我经常呕吐我吃的所有东西，吞咽对我来说很困难，因为食物卡在我的喉咙里。我感到上腹部疼痛。,10
我嘴里一直有酸味，即使我没吃过任何酸性的东西。我也经常喉咙哽咽和打嗝。,10
我的胸部和喉咙有灼热感，经常觉得要清嗓子。我嘴里也有不好的味道，我的口气很难闻。,10
我经常喉咙有灼热感，尤其是在吃东西之后。我有时也会有苦味或酸味，让我感到恶心。,10
我喉咙里有一种时好时坏的灼热感。吃完后会更糟，有时嘴里会有酸味或苦味。我有时也会恶心。,10
我经常胃灼热和消化不良，尤其是在我吃了辛辣或高脂肪的食物后。当我躺下或弯腰时，我的胸部不适会变得更严重。我胸口很疼。,10
我胃灼热，消化不良。我经常呕吐我吃的所有东西，我很难吞咽，因为食物卡在我的喉咙里。我的上腹部不舒服。,10
胃食管反流症的常见体征和症状包括：胃食管反流症通常在进食后出现胸部灼热感（胃灼热），在夜间或躺下时可能会更严重食物或酸味液体的反流（反流）上腹部或胸部疼痛吞咽困难（吞咽困难）喉咙有肿块的感觉如果您有夜间胃酸反流，您可能还会经历：持续咳嗽声带炎症（喉炎）新的或恶化的哮喘,10
我嘴里一直有酸味，即使我没吃过任何酸性的东西。我也经常打嗝，感觉喉咙里有一个肿块。,10
我嘴里一直有酸味，即使我没吃过任何酸性的东西。我也经常打嗝，喉咙打结。,10
我吞咽困难，不想吃东西。我经常有饱腹感，即使只吃了一点点。我还胃灼热、恶心和喉咙刺痛。,10
我胃灼热，消化不良。我经常吃什么就吐，吞咽食物也有困难。我上腹部一直疼。因为疼痛，我很难入睡。,10
我有一种食物或酸倒流到喉咙里的感觉。我胸痛，如果我躺下会更严重。我经常胃灼热或消化不良，吃完食物后呕吐出来,10
我有很多气体和打嗝。我胸痛，从脖子一直到下巴和手臂。我感觉我的胸部又紧又重。,10
我吃完东西感觉要吐了。我腹部很疼，而且胃酸倒流很严重。,10
我经常胃灼热和消化不良，尤其是在吃了辛辣或高脂肪的食物后。当我前倾或躺下时，我也会胸痛。,10
我嘴里有酸味，即使我没吃过任何酸性的东西。我还会打嗝，有喉咙哽咽的感觉。,10
我有很多胃酸倒流，这让我觉得胃不舒服。我也有很多胃痛。,10
我有很多胃灼热和胃酸倒流。吃完东西也觉得恶心，有时候还会吐。,10
我胃灼热，消化不良。我吃什么都吐。食物卡在我的喉咙里，使我难以吞咽。我上腹部疼。,10
我有很多胃灼热和胃酸倒流。我也有喉咙痛和口臭。我吐了很多。,10
我吃东西有困难，很难吞咽。即使吃了一小顿饭，我也有饱腹感。我还感到恶心、胃灼热和喉咙刺痛。,10
我的胸部和喉咙有灼热感。感觉好像酸或者食物进了我的喉咙。我躺下的时候更糟。我吃完饭后也会胃灼热和消化不良，有时还会呕吐。,10
我的喉咙有一种时好时坏的烧灼感，吃完东西后更严重。我有时嘴里也有苦味或酸味。,10
我喉咙有灼热感，尤其是在我吃东西之后。我有时嘴里也会有酸味或苦味，这让我感到恶心。,10
我每天早上喉咙痛，声音沙哑。我的喉咙一直疼，还有口臭。我也经常打嗝。,10
我喉咙有灼热感，尤其是在我吃东西之后。我有时嘴里也会有酸味或苦味，让我感到恶心。,10
我嘴里一直有酸味，即使我没吃过任何酸性的东西。我的喉咙也有肿块，而且经常打嗝。,10
我有很多胃灼热，我觉得我吃东西的时候会窒息。我也有很多胃痛，我吐了很多。,10
我有经常打嗝和打嗝的倾向。我经常感到胸部不适，并辐射到我的手臂、下巴和脖子。我的胸部感到紧张和压力。,10
我喉咙痛或声音嘶哑，尤其是在早上。我喉咙痛，口臭。我也经常打嗝。当我躺下时，我的胸部有灼热感。,10
我吞咽困难，即使吃了一小顿饭也有饱腹感。我也有胃灼热、恶心和喉咙刺痛的感觉。,10
我经常胃灼热，尤其是在吃了辛辣或高脂肪的食物后。当我弯腰或躺下时，我的胸痛更严重。,10
我的胸部和喉咙有灼热感，经常觉得要清嗓子。我嘴里也有口臭和难闻的味道。,10
便秘，排便时疼痛，肛门疼痛，便血,11
便秘、排便时疼痛、肛门疼痛、便血、肛门刺激,11
便秘，肛门疼痛，便血，肛门刺激,11
便秘，排便时疼痛，肛门疼痛，肛门刺激,11
便秘、排便痛、便血、肛门刺激,11
排便时疼痛，肛门区疼痛，便血，肛门刺激,11
皮疹、关节痛、脱皮、银粉样粉尘、指甲发炎,12
皮疹、关节痛、脱皮、银粉样粉尘、指甲小凹痕、指甲发炎,12
我的关节一直疼痛，我注意到我的皮肤在不同的地方脱皮。我担心我有点不对劲。,12
我有又红又痒的皮疹。它覆盖着银色的鳞片。它在我的背上、胳膊肘上和膝盖上。,12
我注意到我的胳膊、腿和背上突然脱皮。我也有关节痛和皮疹。皮疹正在扩散到我身体的不同部位。,12
我脸上有又红又痒的皮疹，尤其是在鼻子、嘴巴和眼睛周围。我的指甲也发炎了。,12
皮疹、脱皮、银粉样粉尘、指甲小凹痕、指甲发炎,12
皮疹、关节痛、脱皮、指甲小凹痕、指甲发炎,12
皮疹、关节痛、脱皮、银粉样粉尘、指甲上有小凹痕,12
我皮肤上有皮疹，又痒又刺激。它也是片状的。它已经扩散到我身体的其他部位，包括我的胸部和腹部。晚上更糟。,12
我的皮肤上有一层银色的灰尘，手臂和背部的皮肤开始脱落。这很奇怪，真的让我很担心。,12
我皮肤上有皮疹，又痒又不舒服。我还注意到我的指甲上有小凹痕，这很令人担忧。,12
我的皮肤上一直有皮疹。皮疹痒，挠的时候出血。我还注意到我的指甲上有小凹痕。,12
我一直感到非常疲劳和不适。我经常感到疲倦和缺乏活力，即使睡了一夜好觉。我也经历了一些关节疼痛和僵硬，特别是在我的膝盖和脚踝。,12
关节痛、脱皮、银粉、指甲小凹痕、指甲发炎,12
我一直睡不着觉，因为皮疹又痒又疼。我的指甲上有小凹痕，真的很吓人。我的指甲也发炎了。,12
我的手指、手腕和膝盖关节痛已经有几个星期了。疼痛通常是疼痛和悸动，当我移动关节时，疼痛会变得更严重。我还注意到我的皮肤上有一些红色的鳞状斑块。,12
我的皮肤上有红色、发痒和鳞状的皮疹。在空气干燥的冬季，情况更糟。我必须更频繁地保湿，并使用加湿器来保持皮肤水分。,12
我的胳膊和脖子上有皮疹，当我抓它时会出血和疼痛。我的指甲上也有小凹痕。,12
我的膝盖、肘部和头皮上有干燥的鳞状皮肤。这些斑块经常发痒，有时会疼痛。,12
我注意到我的皮肤现在比以前更敏感了。又红又痒。我的背部和肘部有银色的鳞片。,12
我皮肤上有皮疹，又痒又不舒服。它也是红色和片状的。它已经扩散到我身体的其他部位，包括我的胸部和腹部。我也面临着脱皮。,12
我有干燥、片状的皮肤，容易感染。我的关节很疼。我膝盖和肘部的皮肤开始剥落。,12
皮疹、关节痛、银粉样粉尘、指甲小凹痕、指甲发炎,12
我的嘴、鼻子和眼睛周围有红肿的皮肤。经常又痒又不舒服。最近，它变得非常痛苦。,12
我的指甲上有坑，我担心会是什么。我的手臂和背部也有皮疹，关节也疼。,12
我的背部和肘部有一种银质粉末。我的指甲有点凹陷。我的关节感到极度不适。,12
我的皮肤上有一层银色，尤其是在我的背部和手臂上。它是由小鳞片组成的，当我摩擦它们时，它们很容易脱落。我全身也有皮疹。,12
"           Plaque psoriasis       Open pop-up dialog box          Close    Plaque psoriasis   Plaque psoriasis Plaque psoriasis is the most common type of psoriasis. It causes dry, raised skin patches (plaques) covered with scales.               Plaque psoriasis       Open pop-up dialog box           Plaque psoriasis       Open pop-up dialog box  Open pop-up dialog box       Close    Plaque psoriasis   Plaque psoriasis Plaque psoriasis is the most common type of psoriasis. It causes dry, raised skin patches (plaques) covered with scales.          Close    Plaque psoriasis   Plaque psoriasis Plaque psoriasis is the most common type of psoriasis. It causes dry, raised skin patches (plaques) covered with scales.        Close    Plaque psoriasis   Plaque psoriasis Plaque psoriasis is the most common type of psoriasis. It causes dry, raised skin patches (plaques) covered with scales.     Close    Close  Close Plaque psoriasis   Plaque psoriasis Plaque psoriasis is the most common type of psoriasis. It causes dry, raised skin patches (plaques) covered with scales.  Plaque psoriasis Plaque psoriasis is the most common type of psoriasis. It causes dry, raised skin patches (plaques) covered with scales. Plaque psoriasis is the most common type of psoriasis. It causes dry, raised skin patches (plaques) covered with scales.            Guttate psoriasis       Open pop-up dialog box          Close    Guttate psoriasis   Guttate psoriasis Guttate psoriasis, more common in children and young adults, appears as small, water-drop-shaped spots on the trunk, arms or legs. These spots are typically covered by a fine scale.               Guttate psoriasis       Open pop-up dialog box           Guttate psoriasis       Open pop-up dialog box  Open pop-up dialog box       Close    Guttate psoriasis   Guttate psoriasis Guttate psoriasis, more common in children and young adults, appears as small, water-drop-shaped spots on the trunk, arms or legs. These spots are typically covered by a fine scale.          Close    Guttate psoriasis   Guttate psoriasis Guttate psoriasis, more common in children and young adults, appears as small, water-drop-shaped spots on the trunk, arms or legs. These spots are typically covered by a fine scale.        Close    Guttate psoriasis   Guttate psoriasis Guttate psoriasis, more common in children and young adults, appears as small, water-drop-shaped spots on the trunk, arms or legs. These spots are typically covered by a fine scale.     Close    Close  Close Guttate psoriasis   Guttate psoriasis Guttate psoriasis, more common in children and young adults, appears as small, water-drop-shaped spots on the trunk, arms or legs. These spots are typically covered by a fine scale.  Guttate psoriasis Guttate psoriasis, more common in children and young adults, appears as small, water-drop-shaped spots on the trunk, arms or legs. These spots are typically covered by a fine scale. Guttate psoriasis, more common in children and young adults, appears as small, water-drop-shaped spots on the trunk, arms or legs. These spots are typically covered by a fine scale.            Inverse psoriasis       Open pop-up dialog box          Close    Inverse psoriasis   Inverse psoriasis Inverse psoriasis causes smooth patches of inflamed skin in the folds of the skin. It usually appears under the breasts and around the groin and buttocks.               Inverse psoriasis       Open pop-up dialog box           Inverse psoriasis       Open pop-up dialog box  Open pop-up dialog box       Close    Inverse psoriasis   Inverse psoriasis Inverse psoriasis causes smooth patches of inflamed skin in the folds of the skin. It usually appears under the breasts and around the groin and buttocks.          Close    Inverse psoriasis   Inverse psoriasis Inverse psoriasis causes smooth patches of inflamed skin in the folds of the skin. It usually appears under the breasts and around the groin and buttocks.        Close    Inverse psoriasis   Inverse psoriasis Inverse psoriasis causes smooth patches of inflamed skin in the folds of the skin. It usually appears under the breasts and around the groin and buttocks.     Close    Close  Close Inverse psoriasis   Inverse psoriasis Inverse psoriasis causes smooth patches of inflamed skin in the folds of the skin. It usually appears under the breasts and around the groin and buttocks.  Inverse psoriasis Inverse psoriasis causes smooth patches of inflamed skin in the folds of the skin. It usually appears under the breasts and around the groin and buttocks. Inverse psoriasis causes smooth patches of inflamed skin in the folds of the skin. It usually appears under the breasts and around the groin and buttocks.            Nail psoriasis       Open pop-up dialog box          Close    Nail psoriasis   Nail psoriasis Psoriasis can affect fingernails and toenails, causing pitting, abnormal nail growth and discoloration.               Nail psoriasis       Open pop-up dialog box           Nail psoriasis       Open pop-up dialog box  Open pop-up dialog box       Close    Nail psoriasis   Nail psoriasis Psoriasis can affect fingernails and toenails, causing pitting, abnormal nail growth and discoloration.          Close    Nail psoriasis   Nail psoriasis Psoriasis can affect fingernails and toenails, causing pitting, abnormal nail growth and discoloration.        Close    Nail psoriasis   Nail psoriasis Psoriasis can affect fingernails and toenails, causing pitting, abnormal nail growth and discoloration.     Close    Close  Close Nail psoriasis   Nail psoriasis Psoriasis can affect fingernails and toenails, causing pitting, abnormal nail growth and discoloration.  Nail psoriasis Psoriasis can affect fingernails and toenails, causing pitting, abnormal nail growth and discoloration. Psoriasis can affect fingernails and toenails, causing pitting, abnormal nail growth and discoloration.            Pustular psoriasis       Open pop-up dialog box          Close    Pustular psoriasis   Pustular psoriasis Pustular psoriasis generally develops quickly, with pus-filled blisters appearing just hours after the skin becomes inflamed and tender. It usually appears on the palms or the soles.               Pustular psoriasis       Open pop-up dialog box           Pustular psoriasis       Open pop-up dialog box  Open pop-up dialog box       Close    Pustular psoriasis   Pustular psoriasis Pustular psoriasis generally develops quickly, with pus-filled blisters appearing just hours after the skin becomes inflamed and tender. It usually appears on the palms or the soles.          Close    Pustular psoriasis   Pustular psoriasis Pustular psoriasis generally develops quickly, with pus-filled blisters appearing just hours after the skin becomes inflamed and tender. It usually appears on the palms or the soles.        Close    Pustular psoriasis   Pustular psoriasis Pustular psoriasis generally develops quickly, with pus-filled blisters appearing just hours after the skin becomes inflamed and tender. It usually appears on the palms or the soles.     Close    Close  Close Pustular psoriasis   Pustular psoriasis Pustular psoriasis generally develops quickly, with pus-filled blisters appearing just hours after the skin becomes inflamed and tender. It usually appears on the palms or the soles.  Pustular psoriasis Pustular psoriasis generally develops quickly, with pus-filled blisters appearing just hours after the skin becomes inflamed and tender. It usually appears on the palms or the soles. Pustular psoriasis generally develops quickly, with pus-filled blisters appearing just hours after the skin becomes inflamed and tender. It usually appears on the palms or the soles.            Erythrodermic psoriasis       Open pop-up dialog box          Close    Erythrodermic psoriasis   Erythrodermic psoriasis The least common type of psoriasis, erythrodermic psoriasis can cover the entire body with a peeling, itchy rash.               Erythrodermic psoriasis       Open pop-up dialog box           Erythrodermic psoriasis       Open pop-up dialog box  Open pop-up dialog box       Close    Erythrodermic psoriasis   Erythrodermic psoriasis The least common type of psoriasis, erythrodermic psoriasis can cover the entire body with a peeling, itchy rash.          Close    Erythrodermic psoriasis   Erythrodermic psoriasis The least common type of psoriasis, erythrodermic psoriasis can cover the entire body with a peeling, itchy rash.        Close    Erythrodermic psoriasis   Erythrodermic psoriasis The least common type of psoriasis, erythrodermic psoriasis can cover the entire body with a peeling, itchy rash.     Close    Close  Close Erythrodermic psoriasis   Erythrodermic psoriasis The least common type of psoriasis, erythrodermic psoriasis can cover the entire body with a peeling, itchy rash.  Erythrodermic psoriasis The least common type of psoriasis, erythrodermic psoriasis can cover the entire body with a peeling, itchy rash. The least common type of psoriasis, erythrodermic psoriasis can cover the entire body with a peeling, itchy rash. Common signs and symptoms of psoriasis include:  A patchy rash that varies widely in how it looks from person to person, ranging from spots of dandruff-like scaling to major eruptions over much of the body Rashes that vary in color, tending to be shades of purple with gray scale on brown or Black skin and pink or red with silver scale on white skin Small scaling spots (commonly seen in children) Dry, cracked skin that may bleed Itching, burning or soreness Cyclic rashes that flare for a few weeks or months and then subside  There are several types of psoriasis, each of which varies in its signs and symptoms:  Plaque psoriasis. The most common type of psoriasis, plaque psoriasis causes dry, itchy, raised skin patches (plaques) covered with scales. There may be few or many. They usually appear on the elbows, knees, lower back and scalp. The patches vary in color, depending on skin color. The affected skin might heal with temporary changes in color (post inflammatory hyperpigmentation), particularly on brown or Black skin. Nail psoriasis. Psoriasis can affect fingernails and toenails, causing pitting, abnormal nail growth and discoloration. Psoriatic nails might loosen and separate from the nail bed (onycholysis). Severe disease may cause the nail to crumble. Guttate psoriasis. Guttate psoriasis primarily affects young adults and children. It's usually triggered by a bacterial infection such as strep throat. It's marked by small, drop-shaped, scaling spots on the trunk, arms or legs. Inverse psoriasis. Inverse psoriasis mainly affects the skin folds of the groin, buttocks and breasts. It causes smooth patches of inflamed skin that worsen with friction and sweating. Fungal infections may trigger this type of psoriasis. Pustular psoriasis. Pustular psoriasis, a rare type, causes clearly defined pus-filled blisters. It can occur in widespread patches or on small areas of the palms or soles. Erythrodermic psoriasis. The least common type of psoriasis, erythrodermic psoriasis can cover the entire body with a peeling rash that can itch or burn intensely. It can be short-lived (acute) or long-term (chronic). ",12
我注意到我的皮肤又干又痒。我的皮肤上有一些红色的斑块，覆盖着一层银色的灰尘。,12
我的手臂、脸和背部皮肤发红发炎。经常又痒又不舒服。我的指甲也发炎了，上面有小凹痕。我以前从未见过这样的事情。,12
我的皮肤状况会导致皮肤上出现干燥、红色、鳞状斑块。它可能会发痒和疼痛，当我有压力或暴露在某些触发因素下，如阳光或某些化学物质时，情况会变得更糟。,12
我一直感到关节痛和脱皮。我担心我的身体出了什么问题。,12
在过去的几周里，我的胳膊、腿和躯干上出现了红色、发痒的鳞状皮疹。,12
我的皮肤一直有很多问题。它不断脱皮，我的手臂上出现了皮疹。它真的很痒，让我的生活很痛苦。,12
我的皮肤上有一层银色的薄膜，尤其是在我的背部、手臂和头皮上。它是由微小的鳞片组成的，当我刮它时，它们很容易脱落。,12
我的皮肤上有红色的鳞状斑块，又痒又痛。它们大多出现在我的膝盖、肘部和手臂上，但也可能出现在我的头皮和身体的其他部位。我的指甲上也有小凹痕。,12
我的皮肤上有一层银色的灰尘，尤其是在我的下背部和头皮上。它是由小鳞片组成的，当我抓挠它们时，它们很容易剥落。,12
我有皮疹，冬天空气干燥时会更严重。我必须更有规律地保湿，并使用加湿器来保持皮肤湿润。我也有关节痛。,12
我的指甲上有小凹痕，它们经常发炎，摸起来很痛。我手臂上也有轻微的皮疹。,12
我的胳膊、腿和胸部出现皮疹已经有几个星期了。又红又痒，还长满了干燥的鳞状斑点。我的关节也有些疼痛。,12
我最近皮肤有很多问题。我的皮肤上有红色的鳞状斑块，又痒又痛。,12
我的手指和脚底皮肤又厚又裂，经常疼痛和出血。皮肤也发痒，布满鳞片。,12
我皮肤上出现皮疹已经有一段时间了。他们没有痊愈，而且正在恶化。我还注意到我的肘部和膝盖上的皮肤正在脱皮。我对此很担心，想去看医生。,12
我的皮肤干燥易剥落，很容易感染。我的关节很疼，膝盖和肘部的皮肤正在剥落。,12
我的胳膊、腿和背上出现了很多脱皮和皮疹。我也有关节痛。,12
我的手掌和脚底有厚厚的鳞状皮肤。皮肤也开裂疼痛。,12
因为皮疹，我一直睡不着觉。又痒又痛。我还注意到我的指甲上有一些小凹痕，这真的很令人担忧。而且我的关节每天都酸痛，不知道为什么。,12
我有皮疹，又痒又痛。我的指甲上有小凹痕。我身体不同部位也有脱皮。,12
肌肉无力、颈部僵硬、关节肿胀、运动僵硬、行走疼痛,13
我脖子僵硬，肌肉无力。因为我的关节肿胀，我行动不便。走路很痛苦。,13
我的肌肉一直很虚弱，脖子也很僵硬。我的关节肿了，很难走动。走路真的很痛苦。,13
我一直感觉很虚弱，脖子也很僵硬。我的关节肿了，很难走动。走路真的很痛苦。,13
我的颈部肌肉一直僵硬无力。我的关节僵硬，很难移动。走路也很痛苦。,13
我的肌肉和关节一直有问题。我的脖子真的很紧，我的肌肉感觉很虚弱。我的关节肿胀，很难在不变得僵硬的情况下四处走动。走路也真的很不舒服。,13
关节炎最常见的症状和体征涉及关节。根据关节炎的类型，症状和体征可能包括：疼痛，僵硬，肿胀，发红，活动范围缩小,13
我肌肉无力，脖子僵硬。我的关节肿了，走路都疼。,13
颈部僵硬，关节肿胀，运动僵硬，行走疼痛,13
我的脖子最近又紧又弱。我不能跑步而关节不紧绷，走路也不舒服。,13
肌肉无力，颈部僵硬，运动僵硬，行走疼痛,13
我的肌肉一直很虚弱，脖子也很紧。我的关节肿胀，很难移动，走路也很痛苦。,13
我的脖子一直很紧，我的肌肉最近感觉很虚弱。因为我的关节肿胀，我很难在不僵硬的情况下四处走动。走路也很不舒服。,13
肌肉无力，颈部僵硬，关节肿胀，行走疼痛,13
肌肉无力，关节肿胀，运动僵硬，行走疼痛,13
我的关节一直很疼，尤其是膝盖和脚踝。他们真的很僵硬，我很难走动。我也一直感到很虚弱和疲惫。,13
我的肌肉一直感到虚弱，关节也肿了。走动很困难，走路也很疼。,13
我的肌肉一直很虚弱，脖子也很僵硬。我的关节肿了，很难不僵硬地移动。走路也不舒服。,13
我最近颈部肌肉僵硬无力。我的关节变大了，我很难不僵硬地走路。走路一直非常不舒服。,13
我最近一直感到虚弱和疼痛，我的关节又肿又僵硬。走动困难，走路尤其痛苦。,13
我肌肉无力，脖子紧绷。我的关节肿胀，很难在不僵硬的情况下四处走动。走路也很难。,13
我的脖子很紧，肌肉也很无力。我不能四处走动而不变得僵硬，我的关节也肿了。走路真的很难受。,13
我最近关节一直很疼。我的脖子一直很僵硬，我很难移动它。我的关节一直在肿胀，我很难在不感到僵硬的情况下四处走动。走路也很痛苦。,13
我一直感到脖子僵硬，关节也变大了。我很难移动，走路也是一个挑战。,13
肌肉无力，颈部僵硬，关节肿胀，运动僵硬,13
我的关节和肌肉一直很疼。我的脖子僵硬，走动困难。当我试图驾驶我的车时，我也很疼。,13
我一直感到颈部肌肉无力和僵硬，关节肿胀。这让我很难在不感到僵硬和不舒服的情况下四处走动。,13
我最近颈部肌肉僵硬无力。由于关节僵硬，我跑步和走路都有困难。,13
我最近颈部肌肉僵硬无力。我的关节长了，走路很难不僵硬。走路一直非常不舒服。,13
我的关节一直很疼，很难走动。我也一直感到很累很虚弱。,13
我肌肉无力，脖子僵硬。我的关节肿了，这使我很难走路而不感到僵硬。走路也不舒服。,13
我的关节最近一直很疼。我走动有很多困难，走路真的很痛。,13
我一直感觉僵硬，脖子僵硬，关节肿胀，肌肉无力。我走路也觉得不舒服。,13
我的关节一直很疼，尤其是膝盖和臀部。我的脖子和肩膀也很僵硬。我走路和做其他活动都有困难，而我以前可以毫无痛苦地做这些活动。,13
我最近感觉肌肉很虚弱，脖子也很僵硬。我的关节肿了，很难走动。走路也很辛苦。,13
我肌肉无力，脖子僵硬。我的关节肿了，很难走动。走路不舒服。,13
我的关节一直很疼，尤其是膝盖和臀部。我很难走动，我总是感觉僵硬。因为疼痛，我也一直很难入睡。,13
我最近颈部肌肉僵硬无力。我的关节已经僵硬了，所以我很难不僵硬地跑步。走路也一直不舒服。,13
我的关节一直很疼，尤其是脖子和肩膀。很难走动，我总是感觉僵硬。因为疼痛，我也一直失眠。,13
我的关节一直很疼，尤其是膝盖和手。我也一直感觉很僵硬，关节也肿了。我走路和做其他平时做的活动都有困难。,13
我脖子很疼，肌肉也很无力。我的关节肿了，走路很僵硬。走路也很不舒服。,13
我最近颈部肌肉僵硬无力。我的关节变得僵硬了，我很难不僵硬地跑步。走路也很不舒服。,13
我的颈部肌肉最近又紧又弱。我跑步和走路也有困难，因为我的关节僵硬。,13
我的关节一直很疼，脖子也很紧。我很难在不僵硬的情况下四处走动，走路真的很痛。,13
我的关节一直很疼，而且都肿了。因为僵硬，我也很难走动。,13
我一直感到脖子僵硬，关节肿胀。我走路的时候也一直很疼。,13
我的关节一直很疼，尤其是膝盖和臀部。我也一直感觉很僵硬，很难走动。,13
我肌肉无力，脖子僵硬，关节肿胀。我不能很好地走动，走路真的很痛苦。,13
我的脖子真的很僵硬，肌肉也很无力。我的关节肿了，我很难不僵硬地移动。走路也不愉快。,13
我最近一直感到颈部肌肉无力和僵硬。我的关节肿了，很难在不僵硬的情况下四处走动。走路也很痛苦。,13
我一直觉得肌肉很虚弱，脖子也很僵硬。我的关节一直在肿胀，我很难在不感到僵硬的情况下四处走动。走路也很痛苦。,13
我肌肉无力，脖子紧绷。我的关节肿了，动起来也疼。,13
瘙痒、呕吐、乏力、体重减轻、高烧、皮肤发黄、尿黑、腹痛,14
我最近感觉很不舒服。我一直在呕吐，发高烧。我也瘦了很多，皮肤也变黄了。我一直感觉很累，一直腹痛。,14
我一直在减肥，感觉真的很累。我的皮肤变黄了，还发烧了。我的尿是黑色的，我一直胃痛。,14
我最近感觉很不舒服。我一直在呕吐，发高烧。我的皮肤变黄了，尿也变黑了。我也一直感到腹痛。我担心我可能有什么严重的事情。,14
我一直感觉很不舒服。我一直在呕吐，发高烧。我的皮肤变黄了，尿也变黑了。我也一直感到腹痛。,14
瘙痒、呕吐、乏力、高烧、皮肤发黄、尿黑、腹痛,14
我一直觉得胃很痒很恶心。我瘦了很多，累坏了。我皮肤发黄，还发烧了。我的尿液是黑色的，我一直胃痛。,14
瘙痒、呕吐、乏力、体重减轻、高烧、皮肤发黄、腹痛,14
我一直感觉很不舒服，很累。我瘦了，还发烧了。我的尿液是黑色的，我的皮肤是黄色的。我也一直胃痛。,14
我一直在减肥，感觉真的很累，还吐了很多。我的皮肤变黄了，还发烧了。我的尿是黑色的，我一直胃痛。,14
瘙痒、呕吐、乏力、体重减轻、皮肤发黄、尿黑、腹痛,14
瘙痒、乏力、体重减轻、高烧、皮肤发黄、尿黑、腹痛,14
我一直在减肥，感觉胃不舒服。我皮肤发黄，发烧了。我的尿是黑色的，我的胃很痛。,14
这几天我一直觉得很不舒服。我一直在呕吐，没有力气，体重也瘦了很多。我的皮肤变黄了，尿也变黑了。我也一直腹痛。,14
我一直感觉很不舒服。我一直在呕吐，没有力气，体重也下降了。我的皮肤是黄色的，我的尿液是黑色的。我也一直腹痛。,14
我一直感到发痒、头晕、疲惫不堪。我瘦了，还发烧了。我的尿液是黑色的，我的皮肤变黄了。我也会胃痛。,14
我一直有可怕的瘙痒和恶心。我瘦了，真的累坏了。我皮肤发黄，还发烧了。我的尿液是黑色的，我有胃痛。,14
瘙痒、呕吐、体重减轻、高烧、皮肤发黄、尿黑、腹痛,14
瘙痒、呕吐、乏力、体重减轻、高烧、尿黑、腹痛,14
我一直感觉很不舒服。我一直在呕吐，发高烧。我的皮肤变黄了，尿也变黑了。我也有腹痛。,14
我最近感觉很不舒服。我一直在呕吐，一直很累，体重也瘦了很多。我的皮肤变黄了，尿也变黑了。我也一直腹痛。,14
我一直感觉很不舒服。我发烧了，体重一直在下降，我一直觉得很累。我的皮肤和尿液都变黄了，而且我一直胃痛。,14
我一直觉得很痒，胃不舒服，很累。我也发烧了，体重也减轻了。我的皮肤和尿液都变黄了，我的胃也疼。,14
我一直很痒、恶心和疲劳。我也一直在发烧，体重在下降。我的尿是黑色的，我还长了黄色的皮疹。我的胃也疼。,14
我一直感觉很不舒服。我发烧了，瘦了，真的很累。我的皮肤和尿液都变黄了。我也一直胃痛。,14
我一直感觉很不舒服，很累。我瘦了，还发烧了。我的尿液是黑色的，我的皮肤是黄色的。我也有胃痛。,14
瘙痒、呕吐、乏力、体重减轻、高烧、皮肤发黄、尿黑,14
我最近感觉很不舒服。我一直很痒、呕吐和疲劳。我也瘦了很多，还发高烧。我的皮肤变黄了，尿也变黑了。我也一直有些腹痛。,14
我一直感觉很不舒服。我瘦了，发烧了，好累。我的皮肤是黄色的，我的尿液是黑色的。我也一直胃痛。,14
呕吐、乏力、体重减轻、高烧、皮肤发黄、尿黑、腹痛,14
我一直在呕吐和胃痛。我也瘦了，真的累坏了。我发高烧，皮肤发黄。,14
我一直感到很累，胃也不舒服。我也一直在减肥，还发烧。我的尿真的很黑，皮肤也很黄。我也一直胃痛。,14
我一直感到发痒、头晕、疲惫不堪。我瘦了，还发烧了。我的尿液是黑色的，我的皮肤变黄了。我也有胃痛。,14
我一直感觉很不舒服。我一直在呕吐，发烧，全身发痒。我的皮肤变黄了，尿也变黑了。我也一直腹痛。,14
我最近感觉很不舒服。我一直在呕吐，浑身发痒。我也瘦了很多，真的累坏了。我的皮肤变黄了，还发烧了。我的胃也一直在疼。,14
我最近感觉很不舒服。我一直有严重的瘙痒、呕吐和疲劳。我也瘦了，还发高烧。我的皮肤变黄了，尿也变黑了。我也感到腹痛。,14
我全身一直很痒。我也一直在呕吐，感觉很累。我瘦了很多，还发高烧。我的皮肤变黄了，尿也变黑了。我也一直腹痛。,14
我一直感到很累，胃也不舒服。我也一直在减肥，还发烧。我的尿液是黑色的，我的皮肤变黄了。我也一直胃痛。,14
我得了重感冒。我鼻塞，眼睛红红的，水汪汪的，呼吸困难。我胸口疼，肌肉酸痛。我什么都闻不到。,15
持续打喷嚏、寒战、乏力、咳嗽、高烧、头痛、淋巴结肿大、不适、痰、咽喉发炎、眼睛发红、鼻窦压力、流鼻涕、充血、胸痛、嗅觉丧失、肌肉疼痛,15
我已经咳嗽和打喷嚏好几天了。我鼻塞，脸疼。我一直咳痰，胸口疼。我什么都闻不到，肌肉也疼。,15
持续打喷嚏、寒战、乏力、咳嗽、高烧、头痛、淋巴结肿大、痰、咽喉发炎、眼睛发红、鼻窦压力、流鼻涕、充血、胸痛、嗅觉丧失、肌肉疼痛,15
寒战、乏力、咳嗽、高热、头痛、淋巴结肿大、不适、痰、咽喉发炎、眼睛发红、鼻窦压力、流鼻涕、充血、胸痛、嗅觉丧失、肌肉疼痛,15
我的鼻子总是又闷又充血，眼睛总是又红又痒。我感到不适和疲劳，我一直咳出这种黏糊糊的东西。我喉咙发痒，发炎，脖子上的淋巴结肿大。,15
持续打喷嚏、寒战、乏力、高热、头痛、淋巴结肿大、不适、痰、咽喉发炎、眼睛发红、鼻窦压力、流鼻涕、充血、胸痛、嗅觉丧失、肌肉疼痛,15
持续打喷嚏、寒战、乏力、咳嗽、高烧、头痛、不适、痰、咽喉发炎、眼睛发红、鼻窦压力、流鼻涕、充血、胸痛、嗅觉丧失、肌肉疼痛,15
我一直在打喷嚏，我真的很累。我喉咙疼，鼻子和喉咙里有很多粘液。我的脖子也肿了。,15
我感觉好像要感冒了。我脖子肿了，累死了。我喉咙发痒，眼睛火红。我的鼻子真的堵塞了，我正在经历面部压力。我胸口疼，什么也闻不到。,15
我感到虚弱，淋巴结肿大。我眼睛发烫，喉咙痛。我的鼻窦充血，鼻塞。我什么都闻不到，胸口疼。,15
持续打喷嚏、寒战、乏力、咳嗽、头痛、淋巴结肿大、不适、痰、咽喉发炎、眼睛发红、鼻窦压力、流鼻涕、充血、胸痛、嗅觉丧失、肌肉疼痛,15
我经常打喷嚏，还流鼻涕。我也感到很累很痛，而且一直在咳嗽。我的高烧也挺高的。,15
我一直在打喷嚏，眼睛也在不停地流泪。我鼻塞，呼吸困难。我一直很累，一直咳出很多痰。我的淋巴结也肿了。,15
持续打喷嚏、乏力、咳嗽、高烧、头痛、淋巴结肿大、身体不适、痰多、咽喉发炎、眼睛发红、鼻窦压力、流鼻涕、充血、胸痛、嗅觉丧失、肌肉疼痛,15
我经常打喷嚏，还流鼻涕。我也真的很累，头疼。我想我也发烧了。,15
我一直觉得很累，很不舒服。我的喉咙真的很痛，我一直在咳嗽。我的鼻子真的很闷，鼻窦压力很大。我觉得真的很痛苦，很疲惫。,15
持续打喷嚏、寒战、咳嗽、高热、头痛、淋巴结肿大、不适、痰、咽喉发炎、眼睛发红、鼻窦压力、流鼻涕、充血、胸痛、嗅觉丧失、肌肉疼痛,15
持续打喷嚏、寒战、乏力、咳嗽、高烧、淋巴结肿大、身体不适、痰多、咽喉发炎、眼睛发红、鼻窦压力、流鼻涕、充血、胸痛、嗅觉丧失、肌肉疼痛,15
我一直觉得很累，很不舒服。我流鼻涕，还经常打喷嚏。我头疼，感觉没力气了。我还发烧，感觉像是在发烧。,15
我一直感到非常疲惫和虚弱。我喉咙痛，咳嗽得很厉害。我也有很多寒战和高烧。,15
我一直感到非常疲惫和虚弱。我的喉咙真的很痛，我一直在咳嗽。我也一直觉得很冷，还发烧。,15
我已经咳嗽好几天了。我鼻塞，脸疼。我一直在咳痰，咳嗽起来很疼。我什么都闻不到，肌肉也疼。,15
我一直在打喷嚏，感觉真的很累。我鼻子和喉咙里有很多黏糊糊的东西，喉咙疼。我的脖子也感觉肿了。,15
我一直感到非常疲惫和虚弱。我喉咙痛，一直在咳嗽。我也一直在发冷和发烧。,15
我得了重感冒。我的鼻窦充血，眼睛发红。我感到又累又累。我喉咙里有很多痰，淋巴结都肿了。呼吸困难。,15
我一直咳嗽得很厉害，而且冻僵了。我的鼻子被塞住了，脸也疼。我也一直在咳嗽一些讨厌的东西，我的胸部疼，我的肌肉疼。我什么都闻不到。,15
我患重感冒好几天了。我一直咳痰，胸口疼。我什么都闻不到，肌肉酸痛。,15
我得了重感冒。我不停地咳嗽，鼻窦都堵塞了。我有很多粘液，胸口疼。我什么都闻不到，肌肉也很酸痛。,15
我最近感觉很疲惫。我的鼻窦堵塞，眼睛发红。我喉咙发痒，一直咳出很多痰。我也有一些肿大的淋巴结。,15
我最近感觉很不舒服。我的眼睛又红又湿润，我的鼻窦一直有这种压力，不会消失。我总是感觉很累，呼吸也很困难。我的喉咙里也有很多黏糊糊的东西，我的淋巴结也肿了。,15
我最近感觉很不舒服。我流鼻涕，发烧，还经常咳嗽。我也真的很累，我不想吃太多。,15
普通感冒的症状通常在接触感冒病毒后一到三天出现。体征和症状因人而异，可能包括：流鼻涕或鼻塞喉咙痛咳嗽充血轻微身体疼痛或轻度头痛打喷嚏低烧通常感觉不适鼻子里的分泌物开始时可能是清澈的，随着普通感冒的发展，会变得更稠、黄色或绿色。这通常并不意味着你有细菌感染。,15
我最近感觉很疲惫，而且我似乎无法摆脱这种感冒。我总是流鼻涕，咳出这么多黏糊糊的东西。我喉咙痛，头疼。我也感到很累很痛。,15
我最近感觉很不舒服。我经常打喷嚏，还流鼻涕。我的喉咙也很痒，我一直感觉很累。,15
我眼睛红红的，水汪汪的，鼻窦紧绷。我呼吸困难，我很累。我的淋巴结肿了，喉咙里有很多粘液。,15
我已经流鼻涕和打喷嚏好几天了。我的眼睛也又红又烦躁。我一直咳嗽得很厉害，胸口很紧。我什么都闻不到，肌肉也疼。,15
我得了重感冒。我经常打喷嚏，喉咙痛。我的鼻子和喉咙里也有很多粘液。我脖子有点肿，吞咽的时候很疼。,15
我一直咳嗽得很厉害，呼吸困难。我喉咙疼，感觉胸口有很多痰。我一直流鼻涕，感觉很闷。,15
我累了，脖子也肿了。我的眼睛布满血丝，喉咙发痒。我的鼻子被塞住了，我的脸感觉受到了压力。我什么都闻不到，胸口疼。,15
我流鼻涕，喉咙痛。我一直咳嗽得很厉害，胸口很紧。我感到又累又疼，而且我没有嗅觉。,15
我一直感到很累，很恶心。我咳嗽得很厉害，喉咙也很痛。我的鼻窦压力很大，鼻子也不通气。我真的感到恶心和疲惫。,15
我最近感觉很疲惫。我呼吸一直很困难，而且一直流鼻涕。我也有很多喉咙粘液，我的淋巴结发炎。,15
我已经打喷嚏和咳嗽好几天了。我也感到很累很虚弱。我发高烧了。,15
我得了重感冒。我咳嗽得厉害，鼻窦完全堵塞了。我什么都闻不到，胸口疼。我的肌肉也很疼。,15
我一直觉得很累，很不舒服。我咳嗽得很厉害，喉咙痛。我一直在发抖，还发烧。我只是觉得很累。,15
我打喷嚏，流鼻涕。我感到筋疲力尽，头疼。我发烧了。,15
我已经流鼻涕和喉咙痛好几天了。我也觉得我发烧了，身体也疼。,15
我一直感觉很不舒服。我流鼻涕和很多鼻塞。我一直咳嗽得很厉害，而且胸痛得很厉害。我发高烧了，一直感到很疼。,15
我一直觉得很累，很不舒服。我一直在打喷嚏，而且我似乎不能暖和起来。我头疼，感觉好像发烧了。,15
呕吐、头痛、身体一侧无力、感觉器官改变,16
呕吐、头痛、感觉器官改变,16
呕吐，身体一侧无力，感觉器官改变,16
呕吐、头痛、身体一侧无力,16
头痛，一侧身体无力，感觉器官改变,16
关节痛、呕吐、乏力、皮肤发黄、尿黑、恶心、食欲不振、腹痛、眼睛发黄、急性肝功能衰竭、昏迷、胃出血,17
关节痛、呕吐、乏力、高热、皮肤发黄、尿黑、恶心、食欲不振、腹痛、眼睛发黄、急性肝功能衰竭、昏迷、胃出血,17
关节痛、呕吐、高热、皮肤发黄、尿黑、恶心、食欲不振、腹痛、眼睛发黄、急性肝功能衰竭、昏迷、胃出血,17
关节痛、呕吐、乏力、高烧、尿黑、恶心、食欲不振、腹痛、眼睛发黄、急性肝功能衰竭、昏迷、胃出血,17
关节痛、呕吐、乏力、高热、皮肤发黄、尿黑、食欲不振、腹痛、眼睛发黄、急性肝功能衰竭、昏迷、胃出血,17
呕吐、乏力、高热、皮肤发黄、尿黑、恶心、食欲不振、腹痛、眼睛发黄、急性肝功能衰竭、昏迷、胃出血,17
关节痛、呕吐、乏力、高烧、皮肤发黄、尿黑、恶心、食欲不振、腹痛、眼睛发黄、昏迷、胃出血,17
关节痛、乏力、高热、皮肤发黄、尿黑、恶心、食欲不振、腹痛、眼睛发黄、急性肝功能衰竭、昏迷、胃出血,17
关节痛、呕吐、乏力、高热、皮肤发黄、恶心、食欲不振、腹痛、眼睛发黄、急性肝功能衰竭、昏迷、胃出血,17
呕吐、疲劳、焦虑、出汗、头痛、恶心、视力模糊和扭曲、过度饥饿、嘴唇干燥和刺痛、口齿不清、易怒、心悸,18
呕吐、疲劳、焦虑、出汗、恶心、视力模糊和扭曲、过度饥饿、嘴唇干燥和刺痛、口齿不清、易怒、心悸,18
呕吐、焦虑、出汗、头痛、恶心、视力模糊和扭曲、过度饥饿、嘴唇干燥和刺痛、口齿不清、易怒、心悸,18
呕吐、疲劳、出汗、头痛、恶心、视力模糊和扭曲、过度饥饿、嘴唇干燥和刺痛、口齿不清、易怒、心悸,18
呕吐、疲劳、焦虑、出汗、头痛、恶心、过度饥饿、嘴唇干燥和刺痛、口齿不清、易怒、心悸,18
如果血糖水平过低，低血糖的体征和症状可能包括：脸色苍白颤抖出汗头痛饥饿或恶心心跳不规则或快速疲劳易怒或焦虑难以集中注意力头晕或头昏眼花嘴唇、舌头或脸颊刺痛或麻木随着低血糖的恶化，体征和症状可能包括：意识模糊、行为异常或两者兼而有之，如无法完成日常任务协调能力丧失说话含糊不清视力模糊或视野狭窄噩梦，如果睡着严重的低血糖可能导致：无反应（意识丧失）癫痫发作,18
呕吐、疲劳、焦虑、出汗、头痛、视力模糊和扭曲、过度饥饿、嘴唇干燥和刺痛、口齿不清、易怒、心悸,18
呕吐、疲劳、焦虑、头痛、恶心、视力模糊和扭曲、过度饥饿、嘴唇干燥和刺痛、口齿不清、易怒、心悸,18
呕吐、疲劳、焦虑、出汗、头痛、恶心、视力模糊和扭曲、过度饥饿、口齿不清、易怒、心悸,18
疲劳、焦虑、出汗、头痛、恶心、视力模糊和扭曲、过度饥饿、嘴唇干燥和刺痛、口齿不清、易怒、心悸,18
呕吐、脱水、腹泻,19
呕吐、眼窝凹陷、脱水、腹泻,19
呕吐、眼窝凹陷、脱水,19
眼睛凹陷，脱水，腹泻,19
呕吐、眼窝凹陷、腹泻,19
背痛、四肢无力、颈痛、头晕,20
背痛、四肢无力、颈痛、失去平衡,20
我的背部和颈部一直很疼。我也一直咳嗽得很厉害，感觉很虚弱。我一直头晕，站直也有困难。,20
我一直背痛，慢性咳嗽，四肢无力。我也一直感到迷失方向，脚无力，脖子疼。,20
背痛、颈痛、头晕、失去平衡,20
四肢无力，颈部疼痛，头晕，失去平衡,20
背痛、四肢无力、颈痛、头晕、失去平衡,20
我一直背痛，咳嗽，胳膊和腿无力。我的脖子疼，我一直感到头晕和失去平衡。,20
我肌肉无力，背痛。我一直感到头晕目眩，脖子疼。,20
我一直背痛、咳嗽和肌肉无力。我脖子酸痛，一直头晕目眩，站立不稳。,20
我一直咳痰，背疼。我也感到虚弱和迷失方向，脖子疼。,20
背痛，四肢无力，头晕，失去平衡,20
我一直背痛，干咳，胳膊和腿无力。我也一直感到头晕，站立不稳，脖子也疼。,20
我背痛得厉害，而且一直咳嗽得很厉害。我的胳膊和腿很虚弱，平衡也有困难。我的脖子也疼。,20
我一直背痛，干咳，胳膊和腿麻木。我的脖子也疼，我很难保持平衡，也很难不头晕。,20
我一直背痛，持续咳嗽，胳膊和腿麻木。我也很难保持平衡，并感到头晕。我的脖子也疼。,20
我背痛已经有一段时间了。最近越来越糟了。我也有一个不会消失的咳嗽。我一直感到胳膊和腿无力。我的脖子疼，我一直感到头晕和失去平衡。,20
我一直背痛，干咳，胳膊和腿僵硬。我也很难保持平衡，并感到头晕。我的脖子也疼。,20
我脖子一直疼，还觉得头昏眼花。我也很难站着不动。,20
我的脖子和背部一直很疼。我也一直在咳嗽，我觉得我的胳膊和腿很虚弱。我也一直头晕，我很难保持平衡。,20
我的背部和颈部一直很疼。我还咳嗽，产生痰，我感到虚弱和头晕。,20
我一直脖子疼，还感到头昏眼花，浑身发抖。我也有干咳，没有以前那么强壮了。,20
我一直感到颈部疼痛，头晕，脚不稳。,20
我的脖子和后背很疼。我也感到虚弱和头晕。我一直在咳粘液。,20
我一直背痛，咳嗽不停，胳膊和腿无力。我的脖子疼，我一直头晕，很难保持平衡。,20
我一直背痛、咳嗽和肌肉无力。我还有头晕平衡不平衡，脖子疼。,20
我背痛，呼吸困难，胳膊和腿无力。我也有眩晕和平衡问题，脖子疼。,20
我的背部、颈部和四肢一直很疼。我也一直在咳嗽，我感到头晕和失去平衡。,20
我有慢性咳嗽、背痛和四肢无力。我也有定向障碍和平衡感丧失，脖子疼。,20
我的脖子、胳膊和腿一直疼。我也很难保持平衡和不头晕。,20
我一直背痛，咳嗽不止，四肢无力。我也有平衡和头晕的顾虑，脖子疼。,20
我的脖子和背部一直很疼。我也感到头晕和虚弱。,20
我一直背痛，咳嗽，四肢无力。我的脖子酸痛，我一直头晕，很难保持平衡。,20
我一直背痛，咳嗽不止，四肢无力。我的脖子酸痛，我一直头晕目眩，失去平衡。,20
我的脖子和后背一直很疼，胳膊和腿都麻木了。我的平衡和眩晕也一直有问题。,20
我一直背痛，咳嗽，胳膊和腿麻木。我的脖子也疼，我一直感到头晕和失去平衡。,20
我一直背痛，干咳，胳膊和腿无力。我也有颈部疼痛，头晕，平衡困难。,20
我的脖子一直有问题。一直很疼，我很难保持平衡。我的胳膊和腿也一直麻木。,20
我一直背痛，而且一直辐射到我的胳膊和腿。我也很难保持平衡，并感到头晕。我的脖子也疼。,20
我一直感到颈部疼痛、平衡问题和头晕。,20
我一直感到颈部疼痛，四肢无力，并持续咳嗽。我也有平衡问题和头晕。,20
我一直背痛，持续咳嗽，四肢无力。我还有眩晕和失去平衡的问题，脖子疼。,20
我一直背痛，咳嗽不止，肌肉无力。我也有头晕和平衡问题，我的脖子疼。,20
我一直咳嗽，背痛，胳膊和腿无力。我也一直脖子疼，头晕。,20
我的脖子一直有很多问题。一直很疼，我一直有眩晕和失去平衡的问题。我还持续咳嗽，四肢无力，背痛严重。,20
我一直背痛、咳嗽和肌肉无力。我的脖子疼，我一直头晕，平衡有困难。,20
我的脖子和背部一直很疼。我还干咳，感到虚弱和头晕。,20
我一直背痛、慢性咳嗽和肌肉无力。我也头晕失去平衡，脖子疼。,20
我一直周期性地咳嗽，背痛，四肢无力。我一直感到颈部疼痛以及头晕和不稳定的感觉。,20
大多数人没有症状。当症状出现时，通常包括颈部疼痛和僵硬。有时，颈椎病会导致脊柱（椎骨）内的椎管变窄。椎管是椎骨内的空间，脊髓和神经根通过它到达身体的其他部分。如果脊髓或神经根受到挤压，你可能会经历：手臂、手、腿或脚刺痛、麻木和无力，缺乏协调性和行走困难，膀胱或肠道失控,20
我一直感到颈部疼痛、眩晕和不稳定。我也一直有慢性咳嗽和四肢无力。,20
皮疹，脓疱，黑头粉刺,21
皮疹，脓疱，黑头,21
脓满粉刺，黑头粉刺,21
皮疹，黑头粉刺，皱纹,21
皮疹、脓疱、皮疙瘩,21
囊肿性痤疮打开弹出对话框关闭囊肿性痤疮囊肿性痤疮囊肿性痤疮是痤疮的最严重形式，当油脂和死皮细胞在毛囊深处堆积时就会发生。由此导致的皮肤破裂可能会形成疖子样炎症。囊性痤疮打开弹出对话框囊性痤疮打开弹出对话框打开弹出对话框关闭囊性痤疮囊性痤疮囊性痤疮是痤疮的最严重形式，当油脂和死皮细胞在毛囊深处堆积时就会发生。由此导致的皮肤破裂可能会形成疖子样炎症。闭合性囊性痤疮囊性痤疮囊性痤疮是痤疮的最严重形式，当油脂和死皮细胞在毛囊深处堆积时就会发生。由此导致的皮肤破裂可能会形成疖子样炎症。闭合性囊性痤疮囊性痤疮囊性痤疮是痤疮的最严重形式，当油脂和死皮细胞在毛囊深处堆积时就会发生。由此导致的皮肤破裂可能会形成疖子样炎症。闭合闭合闭合囊性痤疮囊性痤疮囊性痤疮是痤疮的最严重形式，当油脂和死皮细胞在毛囊深处堆积时就会发生。由此导致的皮肤破裂可能会形成疖子样炎症。囊肿性痤疮囊肿性痤疮是痤疮的最严重形式，当油脂和死皮细胞在毛囊深处堆积时就会发生。由此导致的皮肤破裂可能会形成疖子样炎症。囊肿性痤疮是痤疮的最严重形式，当油脂和死皮细胞在毛囊深处堆积时就会发生。由此导致的皮肤破裂可能会形成疖子样炎症。痤疮的症状根据病情的严重程度而有所不同：白头（闭合的堵塞毛孔）黑头（开放的堵塞毛孔）小的红色、柔软的肿块（丘疹）丘疹（脓疱），即顶端有脓液的丘疹皮下大的、坚实的、疼痛的肿块（结节）皮下疼痛的、充满脓液的肿块（囊性病变）痤疮通常出现在面部、前额、胸部、上背部和肩部。,21
疲劳、情绪波动、体重减轻、坐立不安、出汗、心率加快、过度饥饿、肌肉无力、易怒、月经异常,22
疲劳、情绪波动、体重减轻、坐立不安、出汗、腹泻、心率加快、肌肉无力、易怒、月经异常,22
疲劳、情绪波动、体重减轻、出汗、腹泻、心率加快、过度饥饿、肌肉无力、易怒、月经异常,22
疲劳、情绪波动、体重减轻、坐立不安、出汗、腹泻、心率加快、过度饥饿、肌肉无力、易怒、月经异常,22
疲劳、体重减轻、坐立不安、出汗、腹泻、心率加快、过度饥饿、肌肉无力、易怒、月经异常,22
疲劳、情绪波动、坐立不安、出汗、腹泻、心率加快、过度饥饿、肌肉无力、易怒、月经异常,22
疲劳、情绪波动、体重减轻、坐立不安、腹泻、心率加快、过度饥饿、肌肉无力、易怒、月经异常,22
情绪波动、体重减轻、坐立不安、出汗、腹泻、心率加快、过度饥饿、肌肉无力、易怒、月经异常,22
甲状腺机能亢进有时看起来像其他健康问题。这使得诊断变得很困难。它会导致许多症状，包括：不尝试就减肥。心跳加速，一种叫做心动过速的情况。心律不齐，也叫心律不齐。心脏的剧烈跳动，有时称为心悸。饥饿加剧。紧张、焦虑、易怒。震颤，通常是手和手指的轻微颤抖。流汗。月经周期的变化。对热的敏感度增加。排便方式的改变，尤其是排便更加频繁。甲状腺肿大，有时称为甲状腺肿，可能表现为颈部底部肿胀。疲劳。肌肉无力。睡眠问题。温暖湿润的皮肤。皮肤变薄。纤细脆弱的头发。老年人更有可能出现难以察觉的症状。这些症状可能包括心律不齐、体重减轻、抑郁以及在日常活动中感到虚弱或疲劳。,22
疲劳、情绪波动、体重减轻、坐立不安、出汗、腹泻、过度饥饿、肌肉无力、易怒、月经异常,22
皮疹、高烧、水疱、鼻周红肿、黄痂、软泥,23
皮疹、高烧、水疱、黄痂、软泥,23
高烧、水泡、鼻周红肿、黄痂、软泥,23
皮疹、高烧、水泡、鼻周红肿,23
我脸上有皮疹，又红又痒又痛。也是水泡。我也经历了类似流感的症状，如发烧和身体疼痛。,23
我鼻子周围有皮疹，而且正在扩散到身体的其他部位。我每天晚上也发高烧。,23
我脸上有疮。它们又红又硬。它们大多在我的鼻子和嘴唇周围。他们是痛苦的，有黄色或铁锈色的液体出来。,23
我脸上有皮疹，而且越来越严重。它是红色的，发炎的，有水泡，正在流清脓。真的很痛苦。,23
我一直感觉很累，还发烧了。我脸上长了疹子，很痒。因为皮疹我睡不着。,23
皮疹、水泡、鼻周红肿、黄痂、软泥,23
我发烧，头痛，手臂和脸上有皮疹。我真的很担心。我鼻子附近也有红疮。,23
我在发烧，脸上、脖子上和胳膊上都有皮疹。皮疹又痛又红。我担心我的健康。,23
我的脸和鼻子上有皮疹。我不知道那是什么。我脸颊上的疮很大，摸起来很疼。我也有烧灼感和皮肤发红的感觉。,23
我鼻子上有皮疹，又红又痒。感觉像是在燃烧。我想可能是感染。,23
我发烧了，感觉很虚弱。我脸上有疮，又痒又不舒服。溃疡有时会渗出黄色液体。,23
我脸上有皮疹，很痛，还发炎。溃疡正在渗出清澈的液体，而且一天比一天严重。,23
我发烧了，鼻子也疼。我的鼻子上有红色的疮，很痛，有黄色的东西从里面出来。,23
我发烧了，脸上起了疹子。皮疹又红又痛，还渗出黄色液体。,23
我鼻子周围有红肿的皮疹。皮疹导致我的皮肤变得干燥和剥落，并且有黄色的液体从溃疡中流出。,23
我的脸和脖子上有皮疹。它又红又起泡。我很担心。,23
大疱性脓疱病打开弹出对话框关闭大疱性脓疱病大疱性脓疱病大疱性脓疱病会导致充满液体的水泡——通常发生在婴儿和2岁以下儿童的躯干、手臂和腿部。大疱性脓疱病打开弹出对话框大疱性脓疱病打开弹出对话框打开弹出对话框关闭大疱性脓疱病大疱性脓疱病引起充满液体的水泡——通常发生在婴儿和2岁以下儿童的躯干、手臂和腿部。闭合性大疱性脓疱病大疱性脓疱病会导致充满液体的水泡——通常发生在婴儿和2岁以下儿童的躯干、手臂和腿部。闭合性大疱性脓疱病大疱性脓疱病会导致充满液体的水泡——通常发生在婴儿和2岁以下儿童的躯干、手臂和腿部。闭合闭合闭合大疱性脓疱病大疱性脓疱病引起充满液体的水泡——通常发生在婴儿和2岁以下儿童的躯干、手臂和腿部。大疱性脓疱病大疱性脓疱病会导致充满液体的水泡——通常发生在婴儿和2岁以下儿童的躯干、手臂和腿部。大疱性脓疱病会导致充满液体的水泡——通常发生在婴儿和2岁以下儿童的躯干、手臂和腿部。瘀斑打开弹出对话框关闭瘀斑瘀斑一种更严重的脓疱病，称为瘀斑，会深入皮肤，导致疼痛的充满液体或脓液的溃疡，并转变为深层溃疡。瘀斑打开弹出对话框瘀斑打开弹出对话框打开弹出对话框关闭瘀斑瘀斑一种更严重的脓疱病，称为瘀斑，会渗透到皮肤更深处，导致疼痛的充满液体或脓液的溃疡，并转变为深层溃疡。闭合性脓疱病脓疱病是一种更严重的脓疱病，称为脓疱病，它会深入皮肤，导致疼痛的液体或脓液充盈的溃疡，并转化为深层溃疡。闭合性脓疱病脓疱病是一种更严重的脓疱病，称为脓疱病，它会深入皮肤，导致疼痛的液体或脓液充盈的溃疡，并转化为深层溃疡。一种更严重的脓疱病，称为脓肿，会渗透到皮肤更深处，导致疼痛的液体或脓液充盈的溃疡，并转化为深层溃疡。脓疱病是脓疱病的一种更严重的形式，称为脓疱病，渗透到皮肤更深处，导致疼痛的液体或脓液充血的溃疡，并转化为深层溃疡。一种更严重的脓疱病，称为脓肿，会渗透到皮肤更深处，导致疼痛的液体或脓液充盈的溃疡，并转化为深层溃疡。脓疱病的主要症状是红色溃疡，通常在鼻子和嘴巴周围。溃疡很快破裂，渗出几天，然后形成蜂蜜色的外壳。溃疡可以通过触摸、衣服和毛巾扩散到身体的其他部位。瘙痒和疼痛一般是轻微的。一种不太常见的称为大疱性脓疱病的疾病会导致婴幼儿躯干上出现更大的水泡。脓肿是脓疱病的一种严重形式，会导致疼痛的充满液体或脓液的溃疡。,23
我发烧了，脸上有疮。伤口需要很长时间才能愈合，并且正在被感染。,23
皮疹、高烧、鼻周红肿、黄痂、软泥,23
我的鼻子和脖子附近有红色的小疮，疼痛和发炎。我也在发高烧。,23
我脸上有皮疹，而且越来越严重。非常疼，已经开始渗出黄色液体。,23
我有皮疹，开始是鼻子和脖子附近的小红疮。最近几天疮变得更加疼痛和发炎，我还发高烧。,23
我的脸和鼻子已经长疮几天了。我不知道是什么原因造成的。我脸上的疮肿了，摸起来很痛，我有灼热感，皮肤发红。我也感到有点发烧和头痛。,23
我发烧又头疼。我鼻子附近有疮，脖子上有皮疹。我现在真的很纠结。,23
我的皮肤上有皮疹。它主要在我的鼻子附近，但它正在扩散到我身体的其他部位。我担心这个。,23
我脸上长了皮疹。我鼻子周围有小疮，渗出黄色的东西。疮真的很痛。,23
我注意到我脸上的疮需要很长时间才能愈合，而且更容易被感染。我脸颊上的疮很大，很痛，很难治疗。我似乎无法摆脱他们。,23
我脸上有疮，流着清澈的液体。我每天晚上还发高烧发冷，很难入睡。,23
我脸上长了疹子，真的很疼。我的鼻子周围有小水泡，它们在渗出黄色的液体。,23
我发烧，头痛，手臂和脸上有皮疹。我还担心鼻子和嘴唇周围的红疮。,23
我脸上和鼻子附近有红肿。皮疹在我的脖子和胸部迅速蔓延。,23
我脸上有皮疹，鼻子附近有疮。溃疡是红色的，疼痛的，并有黄色的软泥。,23
我的脸颊和鼻子上有皮疹，并蔓延到我的脖子和胸部。我也发烧了。,23
我脸上有疮，主要在鼻子和嘴唇附近。他们是痛苦的，并有黄色或铁锈色的分泌物。,23
我鼻子上的疮已经结痂了，很难摸。它曾经泄漏一种黄锈色的液体，使用药物治疗需要更长的时间。,23
我脸上和鼻子附近有皮疹。它已经在那里几天了，它开始沿着我的胳膊和腿蔓延。,23
我的脸、脖子和胳膊上有皮疹。它是红色的，燃烧着。我很担心。,23
我已经发烧几天了，鼻子周围有疮，身上有皮疹。疮真的很厉害，我觉得很不舒服。,23
我脸上长了皮疹。我鼻子周围有小疮，非常疼。有时会有黄色的液体从疮中流出。,23
我的鼻子上有皮疹，开始很小，但已经变大，现在又红又渗。很疼，我想可能是感染。,23
我已经发烧几天了，现在鼻子附近都长疮了。疮很痛，我觉得不舒服。,23
我的鼻子和嘴巴周围有皮疹，它正在扩散到我身体的其他部位。我也发烧了。,23
我的皮肤上有一个红色的、凸起的、充满液体的皮疹。摸起来很痛，我发烧了。,23
我最近情绪很低落，我的尿闻起来很难闻。我好像憋不住尿，肾也疼。我也一直渴望我平时不喜欢的东西。,24
排尿灼热、膀胱不适、尿臭、尿感持续,24
排尿烧灼感、膀胱不适、尿感持续,24
我不得不比平时更频繁地上厕所，我的尿液浑浊，气味难闻。我也一直觉得发烧。,24
我腹部疼痛，经常发烧。我突然有强烈的尿尿欲望。疼痛几乎是持续的，并经常在夜间增加。我的尿几乎总是有臭味。我也觉得我没有完全排空我的膀胱。,24
排尿灼热、尿臭、尿感持续,24
我小便时有灼热感，小腹疼。我也有低温，感觉很虚弱。,24
我的骨盆疼痛，并且呕吐很多。有时候我的尿里有血，而且很难闻。我还会头疼，失眠。,24
我一直在尿血。我小便时有时会感到胃不舒服。我经常感觉发烧。,24
我经常尿尿，尿尿的时候很疼。有时候我看到尿里有血，而且很难闻。我担心我感染了。我该怎么办？,24
我发烧了，肚子疼。我一直都要尿尿，尿尿的时候很疼。疼痛总是存在，晚上会更严重。我的尿闻起来很臭。,24
我不得不大量小便，但当我小便时，会很痛，而且我只能小便一点点。尿液浑浊带血，有时气味难闻。我也觉得恶心。,24
我已经发烧四天了，尿都是血。我的头很疼，尿也很难闻。我觉得我不能控制我什么时候需要尿尿。,24
膀胱不适、尿臭、尿感持续,24
我小腹疼，感觉一直要尿尿。当我撒尿的时候，它会燃烧，我觉得我没有把所有的东西都拿出来。我也一直感到很冷很虚弱。,24
我的尿里一直有血。有时候我尿尿的时候会恶心。这几乎经常与我发高烧相吻合。我也觉得我一直都要尿尿。,24
我有强烈的尿频冲动，尤其是在晚上。我的尿液浑浊，有一股强烈的气味。我也发烧了。,24
我尿血，有时小便时会恶心。我的尿液中也有难闻的气味，有时晚上会发高烧。我很担心。你能帮我吗？,24
我有时尿血，我觉得胃不舒服。我晚上也会很热，尿也很难闻。,24
我总是要去洗手间，但我只尿一点点。我的胃很疼，我似乎无法控制自己撒尿的冲动。,24
我的尿里有一股奇怪的气味，有红色的也有黑色的，两者都有。我的体温一直波动很大，让我夜不能寐。,24
我一直很难尿尿。我走的时候很疼，还流着血。我头疼，尿也很难闻。我控制不了什么时候该走，走的时候真的很急。,24
在过去的三天里，我一直体温过低，尿血。我的尿闻起来很难闻，我的头好疼。我不能控制我什么时候需要尿尿。,24
排尿灼热、膀胱不适、尿臭,24
我不得不不断地去洗手间撒尿，但我似乎无法排空我的膀胱。我有非常强烈和无法控制的尿尿冲动，有时我的尿尿是黑色或带血的。,24
我经常去洗手间，但只有一点点出来。我肚子疼，无法控制自己尿尿的欲望。,24
我的下腹部一直很疼。感觉小便的时候可能会爆炸。我也一直感到虚弱，体温一直很低。,24
我有时尿血，感觉有点不舒服。我有时也有很难闻的尿味，晚上会很热。,24
我尿尿的次数比平时多得多。有时候尿尿的时候会疼，尿的时候带血，很难闻。我想我感染了，我该怎么办？,24
我经常上厕所，但只有几滴尿出来。我有严重的胃痛和强烈的排尿欲望。,24
我的尿又黑又带血，而且有一股很难闻的气味。我一直体温波动，晚上睡不着,24
我一直尿血。我尿尿后也觉得不舒服，一直在发烧。,24
我排尿时有灼热感，我的尿液经常是黑色、红色，并且有一种非常奇怪的气味。我也一直在经历非常有规律的温度变化，这通常会阻止我晚上睡觉。,24
我一直尿血。我还觉得我几乎发烧，有时小便时会感到恶心。,24
我经常尿尿，很疼。我也一直在尿血。我该怎么办？,24
我排尿有很多困难。我觉得我必须一直去，当我去的时候，很痛。我的尿也是浑浊的，有很浓的气味。,24
我的尿尿一直有问题。它闻起来很奇怪，有时是红色或黑色的。我也一直失眠，因为我的体温一直在变化。,24
我小便时有灼热感。有时候真的很痛，尿也很难闻。我必须尿尿更频繁，尤其是在晚上。,24
我尿血，有时小便时会感到恶心。我晚上也发高烧，尿也很难闻。,24
我的膀胱一直很痛，而且经常起床撒尿。,24
我一直在呕吐，骨盆疼痛。我的尿有时有血，有时闻起来很难闻。因为偏头痛，我有时难以入睡。,24
我小便的时候一直很疼，而且很烫。我还发烧，感觉一直要尿尿。,24
我一直有频繁的小便冲动，但当我去洗手间时，我只排出一点点尿液。尿尿也疼，尿浑浊，有很浓的气味。我也一直感到恶心和呕吐。,24
我的尿里有一股强烈的气味，而且是浑浊的。我一直在发烧，晚上需要多小便。,24
我的小腹一直很疼，小便的时候感觉膀胱就要爆炸了。自从这些症状开始以来，我也一直感到非常虚弱，体温很低。,24
寒战、乏力、咳嗽、高烧、呼吸困难、出汗、不适、痰、胸痛、心率加快、痰锈,25
寒战、乏力、咳嗽、高烧、出汗、不适、痰、胸痛、心率加快、痰锈,25
寒战、乏力、高烧、气喘、出汗、不适、痰、胸痛、心率加快、痰锈,25
我呼吸困难，感觉很不舒服。我出了很多汗，喉咙也很痛。我胸口疼，心跳加速。我咳出很多粘液，而且是棕色的。,25
我最近感觉很疲惫。我一直咳嗽不退，咳嗽的时候就开始疼了。我感到胸口发紧，心跳加速。我还咳出了一些颜色奇怪的痰。,25
我一直感到非常疲惫和疼痛，我不停地咳嗽。当我这样做的时候，我的胸部很痛，我的心脏感觉像在加速。我一直咳出很多恶心的棕色粘液。,25
寒战、乏力、咳嗽、高烧、呼吸困难、出汗、不适、胸痛、心率加快、痰锈,25
疲劳、咳嗽、高烧、呼吸困难、出汗、不适、痰、胸痛、心率加快、痰锈,25
寒战、咳嗽、高烧、呼吸困难、出汗、不适、痰、胸痛、心率加快、痰锈,25
我最近感觉很不舒服。我咳嗽、发冷、发高烧，而且呼吸困难。我也出了很多汗，感觉虚弱和疲惫。我也有一些又浓又黑的痰。我的心跳也一直在加速。,25
寒战、乏力、咳嗽、呼吸困难、出汗、不适、痰、胸痛、心率加快、痰锈,25
我呼吸困难。我出了很多汗，感觉不舒服。我胸口疼，喉咙里有很多粘液。我咳出了痰，颜色很奇怪。,25
我一直在咳嗽，感觉又冷又累。我发烧了，呼吸困难。我出了很多汗，感觉虚弱和不舒服。我有一些又浓又黑的痰。,25
我一直感到又累又痛，而且我似乎无法摆脱这种咳嗽。当我咳嗽的时候，我的胸口很痛，我的心脏感觉像在狂跳。我还咳出了很多难闻的锈色痰。,25
我呼吸困难，出了很多汗。我喉咙里有很多粘液，我觉得不舒服。我胸口疼，心跳加速。我咳出红色粘液。,25
我发高烧了，呼吸不好。我心跳加速，汗流浃背，感觉又冷又累。我也要咳出一些棕色的痰了。,25
我最近感觉很不舒服。我发烧、发冷、疲劳、咳嗽和呼吸困难。我也出了很多汗，感觉很虚弱。我也有过一些痰，又浓又黑。,25
寒战、乏力、咳嗽、高烧、呼吸困难、不适、痰、胸痛、心率加快、痰锈,25
我感觉真的很热。我呼吸不好。我出了很多汗。我在发抖。我真的很累。我的心跳得很快。我咳嗽时会有一些棕色的东西冒出来。,25
我呼吸困难，出了很多汗。我感觉真的很不舒服，喉咙里都是痰。我胸口疼，心跳加速。我咳出很多棕色粘稠的粘液。,25
我呼吸困难，出了很多汗。我感觉真的很不舒服，喉咙里都是痰。我胸口疼，心跳加速。我咳出很多粘液，而且是红色的。,25
我一直感觉很糟糕，发高烧，呼吸急促，出汗，发冷，极度疲劳。我心跳加速，一直咳出很多棕色的痰。,25
我呼吸困难，我真的很不舒服。我喉咙里满是痰，出了很多汗。我心跳加速，胸口疼。我咳出红色粘液。,25
我呼吸困难。我咳出很多粘液。我胸口疼。我出了很多汗。我觉得真的不舒服。,25
我呼吸困难，发高烧。我出了很多汗，感觉又冷又累。我的心跳非常快，我有一些褐色的痰。,25
我出了很多汗，喘不过气来。我觉得真的很不舒服，喉咙里满是粘液，心跳加速，胸口疼。我咳出浓稠的锈色粘液。,25
我出了很多汗，喘不过气来。我喉咙里满是痰，感觉糟透了。我心跳加速，胸口疼。我在咳棕色的东西。,25
寒战、乏力、咳嗽、高烧、呼吸困难、出汗、痰多、胸痛、心率加快、痰锈,25
我呼吸困难，出了很多汗。我觉得很不舒服，喉咙里有很多粘液。我胸口疼，心跳加速。我咳出很多看起来像铁锈的黑色粘液。,25
我呼吸困难，发烧很高。我汗流浃背，浑身发抖。我的心跳加速，我真的很累。我也要咳出一些棕色的痰了。,25
我呼吸困难，感觉很不舒服。我出了很多汗，喉咙里都是痰。我胸口疼，心跳加速。我咳出的粘液是棕色的。,25
我汗流浃背，喘不过气来。我喉咙里满是痰，感觉很难受。我心跳加速，胸口疼。我咳出粘稠的棕色粘液。,25
过去几天我一直感觉很不舒服。我发烧了，喘不过气来，咳了很多痰。我胸口疼，心跳加速。,25
我最近感觉很不舒服。我发高烧，发冷，咳嗽，呼吸困难。我也出了很多汗，感觉很虚弱和疲惫。我也有一些浓稠的红色痰。,25
我呼吸困难，我真的很不舒服。我出了很多汗，喉咙里都是粘液。我胸口疼，心跳加速。我咳出了黑色的粘液。,25
我呼吸困难，感觉快要淹死了。我咳出很多痰，胸口疼。我也出了很多汗，心跳加速。,25
我一直觉得很冷，我太累了。这咳嗽我好像抖不住，咳嗽的时候就疼。我胸口疼，心跳加速。我咳出的粘液是令人恶心的褐色。,25
我最近感觉很不舒服。我一直咳嗽得很厉害，呼吸也很困难。我也一直在发冷和发烧。我一直感到很虚弱和疲惫。我也一直咳出很多痰。,25
我最近感觉很虚弱和寒冷，而且咳嗽不会消失。我咳嗽的时候胸口疼，心怦怦直跳。我一直在咳出锈棕色的粘液。,25
过去几天我一直感觉很不舒服。我发高烧，呼吸急促，咳出很多痰。我也在出汗，感觉发冷，真的很累。,25
我一直感到很累很痛，而且我的咳嗽一直没有停止。我咳嗽的时候很疼，胸口也很紧。我还咳出了很多难看的粘液。,25
几天来，我一直发冷、疲劳和咳嗽。我也出了很多汗，感觉虚弱和不适。我有一些粘稠的黑色痰，我的胸部很痛。我的心跳也一直在加速。,25
我最近呼吸很困难，咳了很多痰。我也一直感到非常疲劳和虚弱，我一直在发冷和发烧。我胸口疼，心跳加速。,25
我最近咳嗽得很厉害，深呼吸的时候很疼。我也感到又冷又累，我的心脏跳得很快。当我咳嗽时，我有时会咳出有点带血的痰。,25
我在燃烧，我喘不过气来。我汗流浃背，浑身发抖，好累。我心跳加速，咳出棕色的东西。,25
肺炎的症状和体征从轻微到严重不等，取决于引起感染的细菌类型、年龄和整体健康状况等因素。轻微的体征和症状通常类似于感冒或流感，但持续时间更长。肺炎的体征和症状可能包括：呼吸时胸痛或咳嗽意识模糊或精神意识改变（65岁及以上的成年人）咳嗽，可能产生痰疲劳发热、出汗和寒战低于正常体温（65岁以上的成年人和免疫系统弱的人）恶心、呕吐或腹泻呼吸急促新生儿和婴儿可能没有任何感染迹象。或者他们可能会呕吐，发烧和咳嗽，出现不安或疲劳和没有活力，或呼吸和进食困难。何时看医生如果你呼吸困难、胸痛、持续发烧102华氏度（39摄氏度）或更高，或持续咳嗽，尤其是咳脓，请去看医生。这些高危人群中的人去看医生尤为重要：65岁以上的成年人有体征和症状的2岁以下儿童有潜在健康问题或免疫系统减弱的人接受化疗或服用抑制免疫系统的药物的人对于一些老年人和患有心力衰竭或慢性肺部疾病的人来说，肺炎可能很快成为威胁生命的疾病。,25
消化不良、食欲不振、腹痛、气体排出、内痒,26
呕吐、消化不良、食欲不振、腹痛、气体排出,26
呕吐、食欲不振、腹痛、气体排出、内痒,26
呕吐、消化不良、食欲不振、腹痛、气体排出、内痒,26
呕吐、消化不良、食欲不振、气体排出、内部瘙痒,26
呕吐、消化不良、腹痛、气体排出、内痒,26
呕吐、消化不良、食欲不振、腹痛、内痒,26
我胃痛得夜不能寐。我上完厕所，感觉很累，不想吃东西。我总是很紧张。,26
我胃痛得厉害，必须服用抗酸剂来缓解。我也有很多胃灼热。我已经瘦了很多，我发现很难增加体重。,26
我的胃有灼热感，躺下时更严重。我也会在吃了某些食物后感到疼痛，比如辛辣或酸性的食物。有时我吃了这些食物后会拉稀。,26
我的排便发生了变化。他们便秘和腹泻。我没有精力，没有胃口，一直觉得筋疲力尽。,26
我现在便血有一段时间了，我也感觉很虚弱。我想我可能贫血了。,26
我因为胃痛睡不着觉。上完厕所我也很累，也没什么胃口。我一直感到很焦虑。,26
我便血已经有一段时间了，我也感到虚弱和疲劳。我想我可能得了贫血。,26
我吞咽食物有困难，经常有食物卡在喉咙里的感觉。我经常打嗝和腹胀。我嘴里有一股持续的酸味,26
我吃了某些食物后胃痛，比如热的或酸性的食物。我有时也会拉稀。弯腰或躺下会让我的胃感觉更糟。,26
我的上腹部有灼热感，我经常感到恶心、胃灼热和消化不良。,26
我有强烈的饥饿感和饥饿感。有时我会腹部绞痛和痉挛。饭后有腹胀和胀气，使我很不舒服,26
因为大便出血，我失血过多，缺铁过多，现在又贫血，感觉很虚弱。,26
我一直很饿，吃得很多。我的胃有时会痛和抽筋。我吃完饭又胀气，很疼。,26
我嘴里有酸味。我经常打嗝和打嗝。我的上腹部有一种压力感或饱胀感。,26
我的胃有一种时好时坏的灼热感。我也有胃灼热、消化不良和恶心。,26
我胃痛得厉害，睡不着觉。我也觉得真的很焦虑，没有胃口。,26
我胃痛得厉害，我必须服用抗酸剂来缓解。我已经瘦了很多，而且似乎再也反弹不回来了。我的嘴很疼。,26
我一直在减肥，似乎再也反弹不回来了。我用抗酸剂来缓解疼痛和不适。我的嘴好难受。,26
我胃痛，当我弯腰或躺下时会更严重。当我吃某些食物时，如辛辣或酸性食物，我也会感到不适。这有时会导致我拉便。,26
我的胃有灼热感，我必须使用抗酸剂来消除它。我体重减轻了，但很难反弹回来。,26
我的胃有一种时好时坏的灼热感。我吃饭和躺下的时候更糟。我也有胃灼热和消化不良。,26
我的上腹部有一种时好时坏的灼热感。我也有胃灼热、消化不良和恶心。,26
我的胃一阵灼痛，时好时坏。当我吃某些食物时，比如辛辣或酸性食物，情况会更糟。我有时也会拉便。,26
当我弯腰或躺下时，我的胃会更痛。我吃了某些食物后会感到疼痛，比如热的或酸性的食物。我有时会因此拉便。,26
我的胃一阵灼痛，时好时坏。我也没有食欲和精力，经常感到非常疲劳。,26
我的胃一阵灼痛，时好时坏。感觉一直要打嗝，经常觉得胃灼热。我嘴里也有酸味。,26
我吞咽食物有困难，感觉食物卡在喉咙里了。我也觉得浮肿，打嗝很多。我每次吃饭都有不好的回味。,26
我的胃一阵灼痛，时好时坏。我吞咽有问题，感觉浮肿和胀气。我嘴里有苦味。,26
我一直便秘和腹泻。我也缺乏精力和食欲。,26
我吞咽困难，感觉食物卡在喉咙里了。我打嗝很多，感觉浮肿。我嘴里一直有不好的味道。,26
我一直胃痛和胃灼热。我也一直觉得很累，没有胃口。,26
我的胃一阵灼痛，时好时坏。我也有很多气体和腹胀。我一直在减肥，不想吃东西。有时我有黑色柏油样的大便，呕吐物中有血。,26
我嘴里有酸味。我经常打嗝和打嗝。我的上腹部有压力或饱胀感。,26
我胃痛得夜不能寐。我上完厕所就累了，不想吃东西了。我一直都很担心。,26
我便血已经有一段时间了，我感到非常虚弱和疲劳。我想我可能失血过多。,26
我嘴里有酸酸的味道。我经常打嗝和打嗝。我的上腹部有一种持续几个小时的压迫感或饱胀感。我上腹部疼，吃东西的时候更疼。,26
我一直在经历便秘和腹泻。我也是食欲不振，精力不足。,26
我嘴里有酸味。我经常打嗝和打嗝。我的上腹部感觉很饱或者有压力。,26
呕吐、皮肤发黄、腹痛、腹胀、饮酒史、液体超载,27
呕吐、皮肤发黄、腹痛、胃胀、腹胀、液体超载,27
呕吐、皮肤发黄、腹痛、胃胀、腹胀、饮酒史、液体超载,27
呕吐、皮肤发黄、胃胀、腹胀、饮酒史、液体超载,27
呕吐、皮肤发黄、腹痛、胃胀、腹胀、饮酒史,27
呕吐、皮肤发黄、腹痛、胃部肿胀、饮酒史、液体超载,27
皮肤发黄、腹痛、胃胀、腹胀、饮酒史、液体超载,27
酒精性肝炎最常见的症状是皮肤发黄和眼白（黄疸）。其他体征和症状包括：食欲不振恶心和呕吐腹部压痛发烧，通常轻度疲劳和虚弱营养不良在酒精性肝炎患者中很常见。大量饮酒会抑制食欲，酗酒者的大部分热量来自酒精。严重酒精性肝炎出现的其他体征和症状包括：腹部积液（腹水）、意识模糊和行为改变，这是由于通常由肝脏、肾脏和肝脏分解和清除的毒素积聚所致,27
呕吐、腹痛、胃胀、腹胀、饮酒史、液体超载,27
我正在锻炼，突然感到头晕目眩。我还头痛和胸痛。从那以后，我一直难以平衡自己。,28
我一直头痛、胸痛、头晕，注意力难以集中。我也注意到我的平衡被打破了。,28
我正在健身，突然感到头痛、胸痛和头晕。从那以后，我一直很难保持平衡。,28
在一次会议中，我突然感到头痛、胸痛和头晕。从那以后，我就很难集中注意力和专注于这个话题。,28
我已经头疼胸痛几天了，今天我也开始感到头晕目眩。,28
我一直头痛、胸痛和头晕。我也很难集中精力完成任务。,28
我一直感到头晕目眩，注意力难以集中。,28
我一直感到头昏眼花，我也注意到我越来越频繁地头痛。,28
我一直感到头晕目眩，保持平衡也有问题。我也注意到我的注意力和集中力一直在下滑。,28
我下班开车回家，突然感到头痛、胸部不适和头晕。从那以后，我开车时就很难集中注意力。,28
我一直很难集中注意力。我还经历了平衡问题、头痛、胸痛和头晕。,28
我一直感到头晕目眩，也很难保持平衡。我也有过头痛，一直没有消失。,28
我一直头疼，感觉头上有一条紧紧的带子，我还一直胸痛和头晕。,28
我头疼了一整天，而且越来越厉害了。我也有胸痛和头晕。我很难集中注意力。,28
我现在感觉不舒服有一段时间了。我头痛，胸痛，感觉不稳定，平衡有问题。我也很难集中注意力。,28
头痛、胸痛、头晕、失去平衡、注意力不集中,28
头痛，胸痛，失去平衡，注意力不集中,28
我正在走路，突然感到头痛、胸痛和头晕。从那以后我就很难集中注意力。,28
头痛、头晕、失去平衡、注意力不集中,28
头痛、胸痛、头晕、注意力不集中,28
我一直头疼胸痛，还晕倒过几次。我也注意到我很难集中注意力。,28
胸痛、头晕、失去平衡、注意力不集中,28
我一直胸痛、头痛和头晕。,28
我一直头痛、胸痛、头晕，注意力难以集中。我也感觉失去了平衡。,28
头痛、胸痛、头晕、失去平衡,28
我一直头痛、胸痛、头晕，注意力难以集中。,28
我一直感到头晕目眩，平衡也有困难。我也有过挥之不去的头痛。,28
我一直感到头晕和焦虑，而且很难集中注意力。,28
我一直头痛、胸痛和头晕。我也觉得自己失去了平衡，无法集中注意力。,28
我头痛胸痛已经有一段时间了，而且越来越严重。我有时也会感到头晕目眩。我不知道发生了什么，但我很担心。,28
我一直很难集中注意力，我一直感到头晕。我还头疼和胸痛。,28
我的平衡一直有问题，我一直胸痛，头痛，全身疼痛。我也很难集中注意力。,28
我头疼了一整天，而且越来越厉害了。我也有胸痛和头晕。我很难集中精力工作。,28
我最近一直头疼头晕。我也觉得我不能像以前那样集中注意力了。,28
我一整天都感觉很好，但在下班开车回家的路上突然出现头痛、胸痛和头晕。从那以后，我很难集中精力在路上。我不确定我怎么了，但我很担心。,28
我一直头疼胸痛。我也一直感到头晕和不稳定。我也很难集中注意力。,28
我一直感到头昏眼花，也很难集中注意力。,28
我一直头疼，胸痛，感觉不稳定，失去平衡。我也一直感觉不舒服，注意力不集中。,28
我一直头痛、胸痛和头晕。我工作时很难集中注意力。,28
我一直头痛、胸痛和头晕。工作时很难集中注意力。,28
我头疼了一整天，胃都不舒服。我也很难集中精力工作。,28
我一直头痛、胸部不适、头晕，注意力难以集中。,28
我一整天都头疼胸痛，还觉得头晕目眩，站立不稳。,28
我一直头痛、胸痛、头晕，平衡能力也有问题。我也很难集中注意力。,28
这几天我一直头疼。感觉太阳穴一阵剧痛。我也有胸痛和头晕。,28
我一直头痛、胸痛、头晕，站直也有困难。我也觉得我不能像以前那样集中注意力了。,28
呕吐、呼吸困难、出汗、胸痛,29
呼吸困难、出汗、胸痛,29
呕吐、呼吸困难、胸痛,29
呕吐、呼吸困难、出汗,29
呕吐、出汗、胸痛,29
咳嗽，高烧，呼吸困难，家族史，粘液痰,30
我一直感到很累很虚弱，而且我还咳嗽不止。我发烧真的很高，呼吸困难。我一直咳出很多粘液。,30
疲劳、咳嗽、高烧、呼吸困难、家族史、粘液痰,30
我一直呼吸困难，咳嗽，感觉筋疲力尽。我一直咳出很多粘稠的东西，还发烧了。我只是觉得很累很累。,30
我一直在咳嗽，我真的很累。我发烧了，呼吸困难。我也咳出很多粘液。,30
疲劳、咳嗽、高烧、呼吸困难、粘液痰,30
我一直呼吸困难，咳出很多粘液。我也感到很累很虚弱。,30
我一直在咳嗽，呼吸困难。我还咳出了很多粘稠的唾液。我一直感觉很累，还发烧了。,30
我一直在发烧、咳嗽和呼吸急促。我还咳出了很多又稠又粘的唾液。我感觉真的很累，筋疲力尽。,30
疲劳、咳嗽、高烧、呼吸困难、家族史,30
我已经咳嗽了好几天了。我一直很难喘口气，我一直感到非常疲惫。我咳嗽的时候也会产生很多粘液。,30
嘿，爸爸妈妈，我最近感觉很累，而且我还咳嗽不止。我发烧真的很高，呼吸也变浅了。我也一直咳出很多粘液，粘稠的痰。,30
疲劳，高热，呼吸困难，家族史，粘液痰,30
疲劳、咳嗽、呼吸困难、家族史、粘液痰,30
我一直呼吸困难，咳嗽得很厉害。我还发烧，感觉很虚弱。我不确定我是怎么了，但我担心可能是什么严重的事情。,30
疲劳、咳嗽、高烧、家族史、粘液痰,30
我发烧了，不能用鼻子和嘴呼吸。我累了，一直在咳粘液。你能推荐一些药物吗？,30
我一直呼吸困难，咳嗽得很厉害。我一直咳出很多粘稠的粘液痰，还发高烧。,30
我呼吸困难，咳出很多粘液。我还发烧，感觉非常虚弱和疲惫。,30
我已经呼吸困难好几天了。我发高烧，感觉很累。你能给我推荐一些药物吗？,30
我咳嗽了几天，感觉真的很虚弱很累。我发高烧，呼吸越来越困难。我也咳出很多粘液。,30
我一直呼吸困难，咳嗽得很厉害。我也一直在发烧，感觉真的很累。我不知道发生了什么，但我很担心。,30
我最近呼吸困难。我感觉呼吸不到足够的空气，胸口发紧。我也一直在咳嗽，我一直在产生很多粘液。,30
我一直在咳嗽，呼吸困难。我也真的很累，筋疲力尽。我一直咳出很多粘稠的东西。我也发烧了。,30
我一直呼吸困难，咳出很多粘液。我也一直觉得很累。,30
我一直呼吸困难，咳嗽得很厉害。我也真的很累。我一直咳出很多粘稠的东西。处理这一切真的很难。,30
我一直呼吸困难，咳嗽不止，感觉筋疲力尽。我发烧了，一直咳出很多又稠又粘的粘液。处理这件事我太累了。,30
我最近呼吸很困难。我一直咳出很多痰，胸口发紧。我也感到很累很虚弱。,30
我一直呼吸困难，咳嗽不停，我筋疲力尽。我一直咳出很多粘稠的东西，而且还发烧了。我只是太累了。,30
我咳嗽不止，呼吸困难。我也真的很虚弱很累，发烧真的很高。我咳出了很多粘液，我真的很生气，很沮丧。,30
我咳嗽得很厉害，真的很累。我发高烧，呼吸微弱。当我咳嗽时，会有很多唾液流出来。,30
我最近呼吸困难。我干咳，咳出很多粘液。我还发烧，我感到非常虚弱和疲劳。,30
我一直咳嗽得很厉害，而且似乎无法摆脱它。我也呼吸急促，一直咳出很多粘稠的唾液。我觉得真的很累很虚弱。,30
我一直在咳嗽，我真的很累。我一直咳出很多粘稠的粘液，而且发烧很高。,30
我一直呼吸困难，咳嗽得很厉害，感觉很累。我一直咳出很多又稠又粘的粘液，还发烧了。我只是觉得这一切让我筋疲力尽。,30
我一直干咳，呼吸困难，还发高烧。我也产生了很多粘液，感觉非常虚弱和疲劳。,30
我干咳了一个星期，呼吸困难。我感到虚弱和疲惫。,30
我这几天一直发高烧，口水也变稠，干咳，还见虚弱,30
我呼吸困难已经有几个星期了。当我试图锻炼时，或者当我在烟雾或其他刺激物周围时，这尤其糟糕。我也有持续的咳嗽，我总是很累。,30
我已经干咳和呼吸困难一个星期了。我也整天感到虚弱。,30
我已经呼吸困难好几天了。我发烧了，有很多粘液。你能推荐一些药吗？,30
我一直呼吸困难。我一直在咳嗽，而且咳出了很多又稠又粘的粘液。我也一直感到很累很虚弱。,30
我一直咳嗽得很厉害，呼吸不畅，而且太累了。我一直咳出很多粘稠的东西，而且还发烧了。我感觉真的很糟糕。,30
我已经咳嗽好几天了，呼吸真的很困难。我也真的很累很虚弱，还发烧了。我一直咳出很多粘液，这真的很难处理。,30
关节痛、呕吐、皮肤发黄、恶心、食欲不振、腹痛、腹泻、轻度发热、眼睛发黄、肌肉疼痛,31
关节痛、呕吐、皮肤发黄、尿黑、恶心、食欲不振、腹痛、腹泻、轻度发热、眼睛发黄、肌肉疼痛,31
呕吐、皮肤发黄、尿黑、恶心、食欲不振、腹痛、腹泻、轻度发热、眼睛发黄、肌肉疼痛,31
关节痛、呕吐、皮肤发黄、尿黑、恶心、食欲不振、腹泻、轻度发热、眼睛发黄、肌肉疼痛,31
关节痛、呕吐、皮肤发黄、尿黑、食欲不振、腹痛、腹泻、轻度发热、眼睛发黄、肌肉疼痛,31
关节痛、呕吐、皮肤发黄、尿黑、恶心、食欲不振、腹痛、轻度发热、眼睛发黄、肌肉疼痛,31
关节痛、呕吐、尿黑、恶心、食欲不振、腹痛、腹泻、轻度发热、眼睛发黄、肌肉疼痛,31
关节痛、皮肤发黄、尿黑、恶心、食欲不振、腹痛、腹泻、轻度发热、眼睛发黄、肌肉疼痛,31
关节痛、呕吐、皮肤发黄、尿黑、恶心、腹痛、腹泻、轻度发热、眼睛发黄、肌肉疼痛,31
甲型肝炎症状通常在你感染病毒几周后出现。但并不是每个甲型肝炎患者都会出现症状。如果你这样做，症状可能包括：异常疲劳和虚弱突然恶心呕吐腹泻腹痛或不适，特别是在你的下肋骨下的右上侧，在你的肝脏上方粘土色或灰色粪便食欲不振低烧深色尿液关节痛皮肤和眼白发黄（黄疸）强烈瘙痒这些症状可能相对较轻，几周后就会消失。然而，有时甲型肝炎会导致持续数月的严重疾病。,31
疲劳、体重增加、手脚冰冷、情绪波动、嗜睡、头晕、脸眼浮肿、甲状腺增大、指甲脆、四肢肿胀、抑郁、易怒、月经异常,32
疲劳、体重增加、情绪波动、嗜睡、头晕、脸和眼浮肿、甲状腺增大、指甲变脆、四肢肿胀、抑郁、易怒、月经异常,32
疲劳、体重增加、手脚冰冷、情绪波动、嗜睡、头晕、甲状腺增大、指甲脆、四肢肿胀、抑郁、易怒、月经异常,32
体重增加、手脚冰冷、情绪波动、嗜睡、头晕、脸眼浮肿、甲状腺增大、指甲脆、四肢肿胀、抑郁、易怒、月经异常,32
疲劳、体重增加、手脚冰冷、嗜睡、头晕、脸眼浮肿、甲状腺增大、指甲脆、四肢肿胀、抑郁、易怒、月经异常,32
疲劳、手脚冰冷、情绪波动、嗜睡、头晕、脸眼浮肿、甲状腺增大、指甲脆、四肢肿胀、抑郁、易怒、月经异常,32
疲劳、体重增加、手脚冰冷、情绪波动、嗜睡、脸眼浮肿、甲状腺增大、指甲脆、四肢肿胀、抑郁、易怒、月经异常,32
疲劳、体重增加、手脚冰冷、情绪波动、头晕、脸眼浮肿、甲状腺增大、指甲脆、四肢肿胀、抑郁、易怒、月经异常,32
疲劳、痉挛、瘀伤、肥胖、腿肿、血管肿、小腿静脉突出,33
我的腿已经肿了几天了。我可以看到我皮肤上的血管凸出来。这对我来说不正常。,33
疲劳、抽筋、瘀伤、肥胖、腿肿、小腿静脉突出,33
疲劳、抽筋、瘀伤、肥胖、腿肿、血管肿,33
我的血管又胀又痛。我不能长时间站立，因为它会导致我的腿疼痛，类似于抽筋。,33
痉挛、瘀伤、肥胖、腿肿、血管肿、小腿静脉突出,33
疲劳、痉挛、瘀伤、腿肿、血管肿、小腿静脉突出,33
我的腿已经肿了几个星期了。情况越来越糟，现在我可以看到小腿上有很多静脉。我很担心。,33
我的小腿疼痛已经有一段时间了。当我长时间站立或行走时，情况会更糟。我的腿也开始肿胀，我可以看到一些非常明显的血管。,33
我腿上有红肿发痒的皮疹。它正在蔓延，并引起了很多不适。,33
我最近一直感到腿很疼。感觉像抽筋，长时间站立或行走会更严重。,33
我腿上有静脉曲张。他们肿胀，血管比平时更明显。随着时间的推移，肿胀似乎越来越严重。,33
我的腿很疼，尤其是长时间站立或行走的时候。我小腿上的皮肤也红肿了。,33
疲劳、瘀伤、肥胖、腿肿、血管肿、小腿静脉突出,33
疲劳、痉挛、肥胖、腿肿、血管肿、小腿静脉突出,33
我腿上有静脉曲张。它们肿了，从我的皮肤上突出来。他们很不舒服。,33
我小腿上发痒发炎的皮肤很难入睡。我还担心突出的血管。,33
当我长时间站立或行走时，我的腿很疼。当我做体育活动时，我会抽筋。我腿上也有瘀伤。,33
我的小腿抽筋越来越严重。我走不了多远就会变得很糟糕。,33
我腿上的静脉很明显，给我带来了很多不适。它们肿胀，从我的皮肤上突出来，透过我的衣服可以看到。,33
我的腿肿了，静脉从皮肤上突出来。它们很痛，晚上很难入睡。,33
我小腿上有突出的血管，这让我感到自我意识和尴尬。我相信问题是因为我超重了。,33
蜘蛛静脉打开弹出对话框关闭蜘蛛静脉蜘蛛静脉蜘蛛静脉在皮肤表面表现为细细的红线或网状血管网络。蜘蛛静脉是静脉曲张的一种轻度形式，通常出现在腿和脚上。蜘蛛静脉打开弹出对话框蜘蛛静脉打开弹出对话框打开弹出对话框关闭蜘蛛静脉蜘蛛静脉蜘蛛静脉在皮肤表面表现为细细的红线或网状血管网络。蜘蛛静脉是静脉曲张的一种轻度形式，通常出现在腿和脚上。闭合蜘蛛静脉蜘蛛静脉蜘蛛静脉在皮肤表面表现为细细的红线或网状血管网络。蜘蛛静脉是静脉曲张的一种轻度形式，通常出现在腿和脚上。闭合蜘蛛静脉蜘蛛静脉蜘蛛静脉在皮肤表面表现为细细的红线或网状血管网络。蜘蛛静脉是静脉曲张的一种轻度形式，通常出现在腿和脚上。闭合闭合闭合蜘蛛静脉蜘蛛静脉蜘蛛静脉在皮肤表面表现为细细的红线或网状血管网络。蜘蛛静脉是静脉曲张的一种轻度形式，通常出现在腿和脚上。蜘蛛静脉蜘蛛静脉在皮肤表面表现为细细的红线或网状血管网络。蜘蛛静脉是静脉曲张的一种轻度形式，通常出现在腿和脚上。蜘蛛静脉在皮肤表面表现为细细的红线或网状血管网络。蜘蛛静脉是静脉曲张的一种轻度形式，通常出现在腿和脚上。静脉曲张可能不会引起疼痛。静脉曲张的迹象包括：深紫色或蓝色的静脉，看起来扭曲和膨胀，通常看起来像腿上的绳索。当静脉曲张的疼痛迹象和症状出现时，它们可能包括：腿部疼痛或沉重的感觉烧灼感、悸动、肌肉痉挛和小腿肿胀长时间坐着或站着后疼痛加剧一条或多条静脉周围瘙痒静脉曲张周围皮肤颜色的变化蜘蛛静脉类似于静脉曲张，但它们更小。蜘蛛静脉更靠近皮肤表面，通常是红色或蓝色的。蜘蛛静脉出现在腿上，但也可以在脸上找到。它们大小不一，通常看起来像蜘蛛网。,33
我腿上有皮疹，而且越来越严重。我跑步有困难。,33
我走路或站立的时候小腿一直抽筋很久了。我腿上也有一些非常明显的静脉。,33
疲劳、痉挛、瘀伤、肥胖、血管肿胀、小腿静脉突出,33
我腿上有瘀伤，静脉周围的皮肤干燥易剥落。我的腿开始肿了。,33
我腿上有静脉曲张。它们又肿又痛。,33
我注意到我的腿肿了，有深紫色的静脉。它们并不痛苦，但与我有关。,33
我的小腿抽筋，走路很困难。我工作了一段时间后感觉很累。我觉得是因为我胖了。,33
当我长时间站立或行走时，我的腿会更痛。我也抽筋，不能长时间跑步。,33
我腿上有静脉曲张，非常明显。他们也不舒服，我跑步时会抽筋。,33
我腿上长了皮疹，引起了很多不适。好像抽筋了，我可以看到小腿上有明显的静脉。此外，在过去的几天里，我一直感到非常疲劳。,33
我腿上有深紫色的血管。它们看起来像是凸出来了。我跑步或短跑时也会抽筋。,33
我腿上有很多静脉曲张，真的很痛。我的腿也经常抽筋。,33
我注意到我腿上的血管变得比平时更明显了。这让我有点担心。而且，我每天都在经历抽筋。,33
我的腿肿了，这让我很难穿上鞋子。当我长时间坐着时，它也会引起不适。,33
我一直感到腿部疼痛，尤其是在锻炼的时候。我腿上的静脉也很突出，很疼。我一直感到疲劳。,33
我的小腿抽筋，真的很痛。它们突然出现，持续几分钟。他们让我很难走路和做日常活动。,33
我腿上有静脉曲张。,33
我的腿抽筋已经有几天了。我想我的小腿上可能有瘀伤，但我不确定。,33
我走路的时候小腿抽筋，我想是因为我超重了。我工作了一会儿就累了。,33
我腿上有静脉曲张。它们肿了，从我的皮肤上突出来。它们是痛苦而明显的。,33
我腿上有皮疹，让我很疼。似乎抽筋了，我可以看到小腿上有明显的静脉。,33
我腿上有些血管凸出来了。我很担心。我也超重了，我想这可能是原因。,33
我腿上有些红肿的皮肤。我想我能看到一些肿胀的血管。我真的很担心。,33
寒战、呕吐、乏力、咳嗽、高烧、呼吸困难、出汗、食欲不振、轻度发热、眼睛发黄、淋巴结肿大、不适、痰、胸痛、痰中带血,34
寒战、呕吐、乏力、体重减轻、咳嗽、高烧、呼吸困难、出汗、食欲不振、轻度发热、眼睛发黄、淋巴结肿大、不适、痰、胸痛、痰中带血,34
寒战、乏力、体重减轻、咳嗽、高烧、呼吸困难、出汗、食欲不振、轻度发热、眼睛发黄、淋巴结肿大、不适、痰、胸痛、痰中带血,34
寒战、呕吐、乏力、体重减轻、咳嗽、呼吸困难、出汗、食欲不振、轻度发热、眼睛发黄、淋巴结肿大、不适、痰、胸痛、痰中带血,34
寒战、呕吐、乏力、体重减轻、咳嗽、高热、出汗、食欲不振、轻度发热、眼睛发黄、淋巴结肿大、不适、痰、胸痛、痰中带血,34
寒战、呕吐、体重减轻、咳嗽、高热、呼吸困难、出汗、食欲不振、轻度发热、眼睛发黄、淋巴结肿大、不适、痰、胸痛、痰中带血,34
寒战、呕吐、乏力、体重减轻、高烧、呼吸困难、出汗、食欲不振、轻度发热、眼睛发黄、淋巴结肿大、不适、痰、胸痛、痰中带血,34
寒战、呕吐、乏力、体重减轻、咳嗽、高热、呼吸困难、食欲不振、轻度发热、眼睛发黄、淋巴结肿大、不适、痰、胸痛、痰中带血,34
呕吐、乏力、体重减轻、咳嗽、高热、呼吸困难、出汗、食欲不振、轻度发热、眼睛发黄、淋巴结肿大、不适、痰、胸痛、痰中带血,34
胃酸过多，消化不良，头痛，视力模糊和扭曲，过度饥饿，颈部僵硬，抑郁，易怒，视力障碍,35
胃酸过多、消化不良、头痛、过度饥饿、颈部僵硬、抑郁、易怒、视力障碍,35
消化不良、头痛、视力模糊和扭曲、过度饥饿、颈部僵硬、抑郁、易怒、视力障碍,35
我经常头痛，严重到让我呕吐。我还有视力模糊、脖子酸痛和焦虑。,35
胃酸过多，消化不良，视力模糊和扭曲，过度饥饿，脖子僵硬，抑郁，易怒，视力障碍,35
胃酸过多，消化不良，头痛，视力模糊和扭曲，过度饥饿，颈部僵硬，抑郁，视力障碍,35
我的视力一直有问题。我一直在看扭曲的东西，我的视力一直很模糊。,35
我经常头痛，视力模糊。我也有胃酸倒流和消化食物的困难。,35
我一直头疼，视力模糊，还有胃酸倒流。这些症状一直困扰着我，干扰着我的日常活动。,35
我一直看不清东西，它们看起来扭曲了。,35
胃酸过多，头痛，视力模糊和扭曲，过度饥饿，脖子僵硬，抑郁，易怒，视力障碍,35
胃酸过多，消化不良，头痛，视力模糊和扭曲，过度饥饿，脖子僵硬，抑郁，易怒,35
胃酸过多、消化不良、头痛、视力模糊和扭曲、过度饥饿、抑郁、易怒、视力障碍,35
胃酸过多，消化不良，头痛，视力模糊和扭曲，过度饥饿，颈部僵硬，易怒，视力障碍,35
我一直有视力问题，食欲增加，脖子酸痛，忧郁，易怒，经常头痛，以及胃酸倒流，消化不良和经常头晕。这些症状使我的日常活动更加困难，并给我带来了巨大的痛苦。,35
我一直头疼，视力模糊，吃东西后还会胃酸倒流，消化不良。,35
我一直头疼，视力模糊。,35
我一直感到头痛、恶心和对光敏感。我也一直感到非常烦躁和不耐烦。,35
我一直头痛、胃灼热、胃酸倒流和消化不良。我也一直感到忧郁、不耐烦，视力受损，食欲增加。,35
我一直很头疼，视力也很模糊。我消化食物也有困难，我觉得我有胃酸倒流。,35
我一直在经历头痛、视力模糊和扭曲、过度饥饿、脖子僵硬、抑郁、易怒和视觉障碍。,35
我一直在经历头痛，视力模糊和扭曲，以及过度饥饿。这些症状一直影响着我的日常生活，让我感到不适。,35
我头痛已经有一段时间了。它们很痛，让我觉得恶心。我也有恶心，呕吐，对光和声音敏感。,35
我一直头疼得看不清东西。我也有恶心，呕吐，对光和声音敏感。,35
我经常头痛，视力模糊。,35
我经常头痛、胃酸、消化不良、视力模糊和扭曲、食欲增加、脖子僵硬、抑郁、烦躁和视觉扭曲。,35
我头痛已经有一段时间了。它们非常痛苦，持续时间很长。我还会恶心、呕吐，对光和声音敏感。,35
胃酸过多、消化不良、头痛、视力模糊、扭曲、颈部僵硬、抑郁、易怒、视力障碍,35
我一直头痛欲裂，而且是在我头的一侧。这也让我感到恶心和头晕。,35
这几天我一直头疼，而且越来越厉害了。我也脖子疼，视力模糊。,35
我的视力一直有问题，把东西看得扭曲，经历视觉障碍。我也一直头疼。,35
我最近一直头疼得厉害，而且越来越厉害了。我的脖子也很疼，我感到焦虑和烦躁。我也很难看清事物。,35
我已经头疼很久了。它们通常在我头的一侧，非常疼痛。我还会恶心、呕吐，对光和声音敏感。,35
我一直头疼，视力模糊，还有胃酸倒流。我也有脖子僵硬，抑郁，急躁，食欲过大。,35
我一直感到头痛，视力模糊和扭曲，过度饥饿，脖子僵硬，抑郁，易怒和视觉障碍,35
我一直头疼，我一直觉得胃不舒服。我也看不清东西。,35
我一直头疼得厉害。我也有一些视力问题，我觉得我的胃真的很不舒服。,35
我一直头疼，视力模糊，还有胃病。我也有落枕、抑郁、急躁和视觉障碍。,35
我一直有头痛和消化问题，包括胃酸倒流和消化不良，已经有一段时间了。我也有脖子疼、抑郁、易怒和视觉障碍。,35
我一直有视觉障碍，看东西扭曲，视力困难。,35
我脖子僵硬，眼睛有问题，而且一直很饿。,35
我最近感觉非常暴躁和沮丧，我也注意到我的视力发生了变化。我想可能是偏头痛。,35
我经常头痛，视力模糊。我也有落枕、焦虑、易怒和视觉障碍。我也一直有胃病，包括消化不良和胃酸过多。,35
呕吐、头痛、恶心、旋转、失去平衡、站立不稳,36
头痛、恶心、旋转、失去平衡、站立不稳,36
呕吐，头痛，旋转运动，失去平衡，站立不稳,36
呕吐、恶心、旋转、失去平衡、站立不稳,36
呕吐、头痛、恶心、旋转、失去平衡,36
呕吐、头痛、恶心、旋转、不稳,36
呕吐、头痛、恶心、失去平衡、站立不稳,36
寒战、呕吐、高烧、出汗、头痛、恶心、腹泻、肌肉疼痛,37
寒战、呕吐、高烧、出汗、恶心、腹泻、肌肉疼痛,37
我发高烧，发冷，而且很痒。我头疼，还出了很多汗。我一直感到恶心，肌肉疼痛。,37
我最近感觉很不舒服。我发高烧，发冷，而且很痒。我也一直在呕吐和出汗。我头疼，肌肉酸痛。,37
寒战、呕吐、出汗、头痛、恶心、腹泻、肌肉疼痛,37
寒战、呕吐、高烧、出汗、头痛、腹泻、肌肉疼痛,37
我一直感觉很不舒服。我头疼，出了很多汗。我也一直感到恶心和肌肉疼痛。我也一直在抓挠，我发冷，发高烧。,37
疟疾的症状和体征可能包括：发烧、寒战、全身不适、头痛、恶心和呕吐、腹泻、腹痛、肌肉或关节痛、疲劳、呼吸急促、心率加快、咳嗽一些疟疾患者经历了疟疾“发作”的循环。发作通常以颤抖和发冷开始，随后是高烧，随后是出汗和恢复正常体温。疟疾的症状和体征通常在被受感染的蚊子叮咬后几周内出现。然而，某些类型的疟原虫可以在你的体内休眠长达一年。,37
我一直觉得很热，出汗，还一直在呕吐。我也一直在发冷，皮肤真的很痒。我一直头疼，我一直感到恶心和疼痛。,37
寒战、呕吐、高烧、出汗、头痛、恶心、肌肉疼痛,37
我发烧、呕吐、发冷和严重瘙痒。我也一直出汗很多，还头疼。我也一直感到恶心，肌肉疼痛。,37
我一直感觉很不舒服。我发高烧、发冷、呕吐和严重瘙痒。我还头痛、多汗、恶心和肌肉疼痛。,37
寒战、高烧、出汗、头痛、恶心、腹泻、肌肉疼痛,37
我已经发烧几天了，而且越来越严重。我也真的很痒，一直在吐。我觉得很虚弱，很累，头疼。我的肌肉也很酸痛。,37
我真的病了。我发烧、发冷和头痛。我一直在呕吐和出汗。我也有肌肉疼痛和恶心。,37
我一直感觉很不舒服。我一直在抓挠，一直在发冷、呕吐和发烧。我也头疼，出了很多汗。我一直感到恶心，肌肉酸痛。,37
我一直感到全身发痒，还发冷和恶心。我出了很多汗，还发高烧。我胃不舒服，头疼。我的肌肉真的很酸痛。,37
我最近感觉很不舒服。我一直在发高烧、发冷和严重瘙痒。我也一直在呕吐和出汗。我头痛恶心，肌肉酸痛。,37
我一直发高烧，发冷，恶心。我也出了很多汗，肌肉也疼。我真的感到恶心和头痛。,37
我一直在发烧、发冷和恶心。我也一直出汗很多，还头疼。我的肌肉酸痛，我一直在抓挠。,37
呕吐、高烧、出汗、头痛、恶心、腹泻、肌肉疼痛,37
过去几天我一直感觉很不舒服。我发高烧，发冷，还很痒。我也一直在呕吐和出汗。我头疼，肌肉酸痛。,37
我发高烧、严重瘙痒、发冷和呕吐。我也头疼，出了很多汗。此外，我一直感到恶心，肌肉疼痛。,37
寒战、呕吐、高烧、头痛、恶心、腹泻、肌肉疼痛,37
我一直在发烧、呕吐、发冷和严重瘙痒。我也头疼，出了很多汗。我的不适还伴随着恶心和肌肉疼痛。,37
我一直在发高烧、呕吐、发冷和严重瘙痒。我还头疼，大汗淋漓。我的不适还伴随着恶心和肌肉疼痛。,37
我一直感觉很不舒服，一直在抓挠。我发高烧、发冷、恶心和肌肉疼痛。我也出了很多汗。,37
我最近感觉很不舒服。我一直在发高烧、发冷和呕吐。我也出了很多汗，还头疼。我觉得恶心，肌肉也很酸痛。,37
我一直在发高烧、发冷和剧烈瘙痒。我也头疼，出了很多汗。我一直感到恶心，肌肉疼痛。,37
我发高烧、严重瘙痒、发冷和呕吐。我也头疼，出了很多汗。此外，我一直感到恶心，肌肉酸痛。,37
我一直感觉很不舒服。我发烧、发冷、呕吐和严重瘙痒。我也头疼，出了很多汗。我一直感到恶心，肌肉疼痛。,37
我一直感觉很不舒服。我发高烧，发冷，恶心，并剧烈抓挠。我的肌肉很疼，我感到恶心。我也出了很多汗。,37
我一直感到瘙痒、发冷、呕吐和发烧。我也头疼，出了很多汗。此外，恶心和肌肉疼痛也伤害了我。,37
我发高烧、呕吐、发冷和剧烈瘙痒。我也头疼，出了很多汗。我感到恶心，而且我的肌肉很疼。,37
我发高烧、发冷、恶心和严重瘙痒。我也头疼，出了很多汗。我也一直感到肌肉疼痛。,37
我最近感觉很不舒服。我发烧、发冷和剧烈瘙痒。我也一直在呕吐和头痛。我出了很多汗，感觉很不舒服。,37
我一直在发烧、发冷和呕吐。我也一直出汗很多，还头疼。我也一直感到恶心，肌肉疼痛。,37
我发烧、发冷和严重瘙痒。我也头疼，出了很多汗。我感觉很糟糕，恶心，肌肉疼痛。,37
我发烧好几天了，而且越来越严重了。我也一直在发冷，皮肤真的很痒。我头疼，出了很多汗。我的肌肉酸痛，我只是觉得很不舒服。,37
过去几天我一直感觉很不舒服。我发高烧，发冷，还很痒。我也一直在呕吐和出汗。我头疼，全身恶心疼痛。,37
我一直觉得很热，出汗，还一直在呕吐。我也一直在发抖，皮肤真的很痒。我头疼，肌肉疼。,37
我一直发冷、恶心、发高烧和严重的肌肉疼痛。我也头疼，出了很多汗。,37
我一直觉得很不舒服。我发高烧，发冷，而且很痒。我也一直出汗很多，还头疼。我也一直感到恶心和肌肉疼痛。,37
我发高烧、发冷、恶心和头痛。我也有肌肉疼痛和大量出汗。,37
我发高烧，出了很多汗。我还感到发冷、呕吐和严重的身体瘙痒。我感到恶心和头痛。我的肌肉极度不适。,37
过去几天我一直感觉很不舒服。我发高烧，发冷，还头疼。我也一直在呕吐和出汗。我也很痒，肌肉酸痛。,37
几天来我一直感到发烧和寒冷。我也一直出汗很多，还头疼。我的肌肉疼痛，我感到恶心。,37
我一直发高烧，发冷，恶心。我也一直出汗很多，还头疼。我肌肉酸痛，感觉不舒服。,37
疲劳、皮肤发黄、恶心、食欲不振、眼睛发黄、家族史,38
疲劳、皮肤发黄、恶心、眼睛发黄、家族史,38
疲劳、皮肤发黄、恶心、食欲不振、家族史,38
疲劳、皮肤发黄、食欲不振、眼睛发黄、家族史,38
疲劳、恶心、食欲不振、眼睛发黄、家族史,38
疲劳、皮肤发黄、恶心、食欲不振、眼睛发黄,38
皮肤发黄、恶心、食欲不振、眼睛发黄、家族史,38
瘙痒、乏力、嗜睡、皮肤发黄、尿黑、食欲不振、腹痛、眼睛发黄、不适、接受输血、接受未消毒注射,39
瘙痒、乏力、嗜睡、皮肤发黄、尿黑、食欲不振、腹痛、尿黄、眼睛发黄、不适、接受输血、接受未消毒注射,39
瘙痒、乏力、嗜睡、皮肤发黄、尿黑、腹痛、尿黄、眼睛发黄、不适、接受输血、接受未消毒注射,39
瘙痒、乏力、皮肤发黄、尿黑、食欲不振、腹痛、尿黄、眼睛发黄、不适、接受输血、接受未消毒注射,39
瘙痒、乏力、嗜睡、皮肤发黄、食欲不振、腹痛、尿黄、眼睛发黄、不适、接受输血、接受未消毒注射,39
瘙痒、嗜睡、皮肤发黄、尿黑、食欲不振、腹痛、尿黄、眼睛发黄、不适、接受输血、接受未消毒注射,39
瘙痒、乏力、嗜睡、皮肤发黄、尿黑、食欲不振、尿黄、眼睛发黄、不适、接受输血、接受未消毒注射,39
疲劳、嗜睡、皮肤发黄、尿黑、食欲不振、腹痛、尿黄、眼睛发黄、不适、输血、注射未消毒,39
瘙痒、乏力、嗜睡、尿黑、食欲不振、腹痛、尿黄、眼黄、不适、输血、注射等,39
急性乙型肝炎的症状从轻微到严重不等。它们通常在你被感染后1到4个月出现，尽管你可以在被感染后两周就看到它们。有些人，通常是小孩子，可能没有任何症状。乙型肝炎的体征和症状可能包括：腹痛、尿黑发热、关节痛、食欲不振、恶心和呕吐、虚弱和疲劳、皮肤和眼白发黄，也称为黄疸,39
瘙痒、呕吐、皮肤发黄、恶心、食欲不振、腹痛、眼睛发黄,40
瘙痒、皮肤发黄、恶心、食欲不振、腹痛、眼睛发黄,40
呕吐、皮肤发黄、恶心、食欲不振、腹痛、眼睛发黄,40
瘙痒、呕吐、皮肤发黄、恶心、食欲不振、腹痛,40
瘙痒、呕吐、皮肤发黄、食欲不振、腹痛、眼睛发黄,40
瘙痒、呕吐、恶心、食欲不振、腹痛、眼睛发黄,40
瘙痒、呕吐、皮肤发黄、恶心、腹痛、眼睛发黄,40
瘙痒、呕吐、皮肤发黄、恶心、食欲不振、眼睛发黄,40
